ID,Age,WGD,WGD_low,WGD_high,HRD,HRD_low,HRD_high,WGD_linear,WGD_linear_low,WGD_linear_high,HRD_linear,HRD_linear_low,HRD_linear_high
Patient101,27.9,25.90355535553555,25.38037803780378,26.39185418541854,NA,NA,3.8659315931593166,20.804864029125465,19.14921300085445,22.46051505739648,NA,NA,0.5134362529812989
Patient17,27.1,24.30435543554356,23.52786278627863,24.952110211021107,10.946784678467848,NA,19.5979697969797,14.893507375128925,12.612327974504836,17.174686775753017,1.9824340658054571,NA,5.965727524035211
Patient18,36.2,34.701170117011706,34.29025902590259,35.05596559655966,8.897039703970398,NA,27.826102610261028,24.962108514809483,22.497904562965324,27.426312466653638,2.2751926910718745,NA,8.463866473342405
Patient25,44.0,35.56875687568756,33.54895489548955,37.119911991199125,31.04070407040704,25.894389438943897,33.931793179317935,14.924846104905761,11.688099472819147,18.161592736992375,8.809650702861619,5.391774774840634,12.227526630882604
Patient26,56.7,48.914311431143126,41.579432943294336,51.72691269126912,12.78712871287129,0.206975697569757,29.016291629162914,19.166556393795332,14.36762243687318,23.965490350717484,4.293302607428397,NA,9.753264949455131
Patient33,42.7,36.81535153515352,34.270177017701776,38.346299629963006,31.421802180218027,16.631178117811782,35.67301230123013,14.788425891592947,10.518653405017197,19.058198378168697,8.050285443686924,3.570450546890307,12.53012034048354
Patient34,52.3,49.880883088308835,49.080613061306124,50.48239323932393,47.68406340634063,43.18842884288429,49.24537453745374,30.39366790375156,25.8096977114751,34.97763809602802,20.658918904701576,14.682550993518658,26.635286815884495
Patient82,37.8,36.46363636363636,36.02322232223222,36.85490549054905,31.923402340234023,25.47218721872187,34.12925292529252,29.31120998377213,26.49222394014985,32.13019602739442,11.819510992011994,6.010426188374903,17.628595795649087
