ID,Age,WGD,WGD_low,WGD_high,HRD,HRD_low,HRD_high
Patient101,27.9,25.90355535553555,25.38037803780378,26.39185418541854,NA,NA,3.8659315931593166
Patient17,27.1,24.30435543554356,23.52786278627863,24.952110211021107,10.946784678467848,NA,19.5979697969797
Patient18,36.2,34.701170117011706,34.29025902590259,35.05596559655966,8.897039703970398,NA,27.826102610261028
Patient25,44.0,35.56875687568756,33.54895489548955,37.119911991199125,31.04070407040704,25.894389438943897,33.931793179317935
Patient26,56.7,48.914311431143126,41.579432943294336,51.72691269126912,12.78712871287129,0.206975697569757,29.016291629162914
Patient33,42.7,36.81535153515352,34.270177017701776,38.346299629963006,31.421802180218027,16.631178117811782,35.67301230123013
Patient34,52.3,49.880883088308835,49.080613061306124,50.48239323932393,47.68406340634063,43.18842884288429,49.24537453745374
Patient82,37.8,36.46363636363636,36.02322232223222,36.85490549054905,31.923402340234023,25.47218721872187,34.12925292529252
