,ID,Ttype,Primary.purity,Relapse.purity,Primary_CpG_muts,Relapse_CpG_muts,shared,Primary_age,Relapse_time,Primary_ploidy,Relapse_ploidy,Relapse age,Norm_Prim_CpG,Norm_Rel_CpG,SBS1_prim,SBS1_met,scaled_Prim_SBS1,scaled_Rel_SBS1
0,PD11460,Breast,0.5617,0.506,791,969,0.707964602,74.9486653,4.31211499,3.963938,3.708122,79.26078029,0.06651634477296735,0.08710608766378236,636.5065023021406,1002.5196736757593,0.05352476100804642,0.09011926375631289
1,PD11461,Breast,0.8191,0.605,234,264,0.957264957,43.96988364,2.143737166,1.90588,2.002164,46.113620806,0.040925976451822776,0.043952443456180414,161.98661586535704,175.6985534434717,0.028331027463316512,0.029251442180139704
2,PD13596,Breast,0.5994,0.1451,315,384,0.882539683,42.9705681,12.99110198,2.520941,2.561566,55.961670080000005,0.04165111361194094,0.0499694327610532,291.7358874025461,355.7700081006041,0.03857499870121859,0.04629589973485023
3,PD4243,Breast,0.4616,0.6251,560,782,0.826785714,36.03285421,2.228610541,3.233563,3.053468,38.261464751000005,0.05772785829954965,0.08536741392628534,382.00225294823736,512.2121008089819,0.039378878443401016,0.05591588545756081
4,PD9193,Breast,0.3999,0.9266,261,402,0.961685824,32.97741273,3.159479808,2.213722,2.12704,36.136892538,0.03930032768342186,0.06299834511809839,233.18453452593604,355.18014827791114,0.03511198704051909,0.05566109840872937
5,PD9195,Breast,0.5079,0.5194,439,502,0.929384966,73.94934976,1.872689938,3.801078,2.985034,75.822039698,0.03849785069744249,0.05605742960828363,335.7999674536426,445.02788996555256,0.02944778362468424,0.049695457401328594
6,PD9771,Breast,0.21,0.3938,767,1180,0.908735332,51.96440794,2.464065708,4.623393,4.202968,54.428473648,0.05529849326385766,0.09358466049071354,371.2134241223343,509.31116128365124,0.026763419860863676,0.04039297636683182
