ID,HRDTime,HRDTime_ci_hi,HRDTime_ci_lo,HRDTime_ci_IQR_hi,HRDTime_ci_IQR_lo,WGDTime,WGDTime_ci_hi,WGDTime_ci_lo,WGDTime_ci_IQR_hi,WGDTime_ci_IQR_lo,WGDTime_CpG,pi2SBS1,pi2SBS1_ci,pi2SBS3,pi2SBS3_ci,pi1SBS1,pi1SBS1_ci,pi1SBS3,pi1SBS3_ci,c,c21,Nt_SBS1,Nt_SBS3,N_mut(C>TpG),N_mut_all
110b5f05-ded7-45ec-b0f6-a941c92d77dd_p0_2700,0.8502505736822711,0.2073106169024227,0.15553710248913133,0.048949762555053344,0.07989023860436362,1.195014940191078,0.014688121816152755,0.013861868602451421,0.006448315797992432,0.006293037070472796,1.1720443731427128,"[0.967763337764708, 0.8919352687050559, 0.9127153036179371]","[0.008673330886661557, 0.03742160881010331, 0.043856981922189564]","[0.8365725593603269, 0.8076448298196168, 0.793005471898818]","[0.024444211824040663, 0.032885119491285864, 0.028514853713445587]","[0.0187027747572013, 0.06503367366154804, 0.06904684145070028]","[0.005773184885783467, 0.03264182123162984, 0.03659619116805008]","[0.11756827280244661, 0.12368093362792625, 0.1554862332558364]","[0.018654728176762378, 0.02734342740608134, 0.022053811288137798]","[0.011570809358364808, 0, 0.03253004333968749]",0.02394488114144648,"[47.843401458809794, 100.58789748576837, 69.97864902821011]","[661.1079937393422, 1330.6859413885873, 963.4752304725772]","[0, 0, 0]","[1321, 2687, 1904]"
110b5f05-ded7-45ec-b0f6-a941c92d77dd_p0_3200,0.8936378917762571,0.13939143771903217,0.09841476218920198,0.08249442347532088,0.0613127330824742,1.1701854857818348,0.037351991576716426,0.01659825359901035,0.004877421622106137,0.007539111931609721,1.1346172002138086,"[0.9580480811906117, 0.8431856689014018, 0.8824849112291219]","[0.015679207068269807, 0.062237935995260174, 0.04594532130500634]","[0.7475154156189422, 0.6961583443591018, 0.6901492866452671]","[0.02608479258075952, 0.036273104808798196, 0.028287064661058514]","[0.03268294610259409, 0.11418284435219304, 0.0952841378529179]","[0.011623879638481322, 0.05283474127317021, 0.03852409091668275]","[0.19177695129472958, 0.22933768002439284, 0.24757394312109254]","[0.019845961117176764, 0.030675874931601926, 0.02255490428388425]","[0.012480242249200477, 0, 0.02814277745907633]",0.021811011372069693,"[46.77643414522641, 99.37976762044886, 69.85373934966556]","[641.1272651081105, 1278.1696386738868, 965.7479804192567]","[0, 0, 0]","[1309, 2681, 1929]"
110b5f05-ded7-45ec-b0f6-a941c92d77dd_p0_3700,0.8255567986737812,0.20584331772370235,0.1330368119461588,0.027985675389948228,0.045540969395646,1.1271098792554561,0.026349678611392147,0.016950901271908014,0.005597778691567967,0.0077813328000604365,1.0866321305431195,"[0.9145267663032611, 0.7719106537475413, 0.8352175134520516]","[0.04108776048254509, 0.04158156399129659, 0.07426649467841778]","[0.6739102793751893, 0.584078068393857, 0.6098170029167163]","[0.04410761115713224, 0.05035335117562295, 0.04626003237904763]","[0.06559353298159952, 0.1815609626716942, 0.14071840161701046]","[0.02932294897141833, 0.03642965018282346, 0.06272182635829968]","[0.25568286655198724, 0.33459571311084974, 0.3243390088786324]","[0.0340828086318217, 0.04343348057191171, 0.03785175621978751]","[0.019490652511023384, 0, 0.031743771154485144]",0.026827373009442376,"[47.19473675647776, 99.12721689407243, 69.24814228610374]","[623.3297295645574, 1282.2158172902816, 954.1938906545538]","[0, 0, 0]","[1298, 2686, 1937]"
110b5f05-ded7-45ec-b0f6-a941c92d77dd_p0_4200,0.7439752931848632,0.09702516251591431,0.08301806210060114,0.019231349730282066,0.029072852193291476,1.070684537657629,0.024325564417897905,0.01734813134185753,0.006498211156565015,0.008079218867518945,1.0237590139606423,"[0.8807345307971649, 0.6791343317328566, 0.7776211736623053]","[0.03043584035672059, 0.04512130673050885, 0.040683308002930296]","[0.613427005030698, 0.48400359013139715, 0.5576457775618948]","[0.04634483514734472, 0.04822100769559093, 0.04602955772317602]","[0.09624840483990887, 0.26654751722639347, 0.19209775856127959]","[0.023118910395077498, 0.03887958435858663, 0.03499286021809822]","[0.3072456122270284, 0.42946058878371945, 0.37505550362469764]","[0.03597285975939407, 0.04184832816957021, 0.03846635510840096]","[0.02377948923632466, 0, 0.037552205923990646]",0.03206190410739473,"[48.13980996816883, 101.062835086101, 71.58799944863594]","[636.7541365980883, 1328.7039690490608, 981.8891549907175]","[0, 0, 0]","[1286, 2698, 1940]"
110b5f05-ded7-45ec-b0f6-a941c92d77dd_p0_4700,0.6090548954672299,0.09851671398873996,0.10562474214326911,0.02809136027563197,0.030495336963397457,0.9759501431541733,0.01977702097963363,0.0212372730409498,0.007822429630111483,0.007347736720834441,0.9258044604546198,"[0.8282219794864409, 0.527257637006567, 0.7330136376394683]","[0.03700743742720991, 0.03520470719411603, 0.03989567329107668]","[0.5720444744803796, 0.3751485805196229, 0.5314111364999627]","[0.05702462361433719, 0.04452861803551933, 0.055380853739121244]","[0.14365895511376306, 0.410056184923566, 0.2355961437376492]","[0.02898960567950514, 0.029964344352744643, 0.03557874229783309]","[0.34869524560874654, 0.5360331092917332, 0.4026718764364363]","[0.04501527175494219, 0.03843825736458681, 0.0470042582278212]","[0.032856094457934804, 0, 0.04484524125424019]",0.04010219948090559,"[47.77970195844641, 100.28444654383364, 71.13095514868775]","[601.1030928181258, 1340.4514574238942, 931.3027422828449]","[0, 0, 0]","[1262, 2730, 1928]"
110b5f05-ded7-45ec-b0f6-a941c92d77dd_p0_5200,0.506388607498514,0.0948527968723406,0.08813167190622301,0.0259151497516098,0.029983885501848273,0.8592107254304509,0.025855748785775234,0.025764151271576385,0.0063875207656372,0.0075480866540689195,0.8075558944185144,"[0.7808717479302436, 0.379125450399184, 0.693359656483463]","[0.03990587018603414, 0.03336242666964323, 0.04662873265393114]","[0.5175880244307991, 0.28547744129989394, 0.49771782714550256]","[0.06433347764894307, 0.044496119710395535, 0.06105801644323525]","[0.19763919959789458, 0.5524447939399821, 0.2749602175090074]","[0.032940428023062976, 0.029323628092105203, 0.04176072816416444]","[0.40640656230401234, 0.62494575591576, 0.4365037454947753]","[0.0520152968612872, 0.03897747747456587, 0.0526215557188974]","[0.03745499719201258, 0, 0.046651309452017765]",0.04306328793851099,"[45.916808159589436, 102.69203459165482, 69.40683509285292]","[600.1471600077647, 1341.856574073328, 944.4953895337321]","[0, 0, 0]","[1229, 2712, 1921]"
110b5f05-ded7-45ec-b0f6-a941c92d77dd_p0_5700,0.34869270200396185,0.08819737528468435,0.10787525133468187,0.03164186650335121,0.028684254697626144,0.7128783647406336,0.02279836107774058,0.02291169149674921,0.007536978520326754,0.006070830588817633,0.6654820433231297,"[0.6254321297943557, 0.24909271728513832, 0.6166337446106261]","[0.04216491153106766, 0.02127240739858502, 0.042279396045929896]","[0.405999504368837, 0.19393144445500363, 0.4449043697304021]","[0.050764365697456404, 0.029259166768848627, 0.05083638655564837]","[0.348895723852024, 0.6733760047276811, 0.3481633472130725]","[0.03602997592528984, 0.018389009569953152, 0.03761656536120686]","[0.5183227230778589, 0.7111918744121715, 0.48681719510513666]","[0.04323599316816085, 0.025486868692866316, 0.04382181343342667]","[0.05276666117293547, 0, 0.05513186968034131]",0.05422234988715528,"[46.2197004008157, 102.35382130852535, 71.55437657345531]","[591.9749948871279, 1317.1347717596032, 931.9874543537934]","[0, 0, 0]","[1194, 2699, 1911]"
110b5f05-ded7-45ec-b0f6-a941c92d77dd_p0_6200,0.15783464186790322,0.07262498889645957,0.06574279496994892,0.025440517299906346,0.024142959798307467,0.5372113068466143,0.02511275300117799,0.025552877776124694,0.009952454654179932,0.007721892038893952,0.5121594995978197,"[0.37305963624703736, 0.1449484084514742, 0.5183242889659724]","[0.03176526462370924, 0.014650500358171614, 0.03563465059168394]","[0.2706088293963439, 0.11914754546668149, 0.4036748929980134]","[0.04270188877710991, 0.022374125704207097, 0.05558145385573912]","[0.5986440913262501, 0.7684797885766487, 0.4416111370318008]","[0.028552395309237977, 0.012872103608093433, 0.0321308176015202]","[0.6623232565148917, 0.7784525667402626, 0.5270885152963403]","[0.03778047314554317, 0.01949727368130305, 0.04811534887027333]","[0.07690430865123263, 0, 0.06945706914836564]",0.07224886560784226,"[45.562676010711044, 103.33802733140551, 71.14173685488996]","[539.3704201143264, 1386.0909568369516, 864.2037889288101]","[0, 0, 0]","[1140, 2679, 1901]"
110b5f05-ded7-45ec-b0f6-a941c92d77dd_p0_6700,0.0627579342443083,0.0817065247510206,0.08530653147960393,0.03088701429318569,0.025878796832734127,0.39140634422557674,0.026287471328526546,0.030386643825231374,0.009574284438867098,0.008760642899382831,0.3767350122112152,"[0.17306053976586305, 0.08609916429021144, 0.44116411994938387]","[0.022753893073520243, 0.011536395651401653, 0.038351041482226345]","[0.14381835819091068, 0.0830338340607634, 0.35413202413588474]","[0.03670555474196991, 0.018581169094162693, 0.07267173139311861]","[0.7958239338296821, 0.8245745264801885, 0.5162312551889925]","[0.020989359751646952, 0.009836716671971446, 0.03500802169256645]","[0.7916257827416127, 0.8106197908264403, 0.5755236796683257]","[0.03344051710744833, 0.016380766335257813, 0.06328803940108085]","[0.08884186497497919, 0, 0.07471208540208603]",0.07992276640138431,"[46.36383900720861, 100.93608854181984, 71.85283320904347]","[528.7339153803991, 1360.364466070531, 868.5745816526737]","[0, 0, 0]","[1103, 2643, 1888]"
6c8e9197-fd16-4fed-bfda-e349cab26314_p0_3350,0.678768711495171,0.1506974369910018,0.1325188548420092,0.03249320537397038,0.038570445093239036,1.0508295418416385,0.017917643771632408,0.01273138572639465,0.007775790817821759,0.006613100729961241,1.0285794263496528,"[0.9732696115027388, 0.8273418558444523, 0.9076324120337549]","[0.009794576549574496, 0.07292679453746953, 0.03477439243548053]","[0.8687728030513752, 0.7654493727564167, 0.7961815230878304]","[0.02947811138333062, 0.11021194044122129, 0.03966156922209452]","[0.024528242725984212, 0.14845465280615772, 0.0812568908236066]","[0.008756946185349654, 0.06639561327449706, 0.027922675442352503]","[0.11151836640466467, 0.20800482523180885, 0.17788297592357563]","[0.024576570719037093, 0.10261122613796039, 0.03423267624001587]","[0.022535175237046554, 0, 0.043728820974468216]",0.038649276793855526,"[44.07357387490349, 44.194767995713875, 138.88475535532112]","[433.3308897010187, 454.05097094056674, 1462.163875759519]","[0, 0, 0]","[1114, 1332, 3534]"
6c8e9197-fd16-4fed-bfda-e349cab26314_p0_3850,0.5709475902673917,0.13222329436575841,0.11178331224541177,0.042436216120727455,0.05193343750642443,0.987708156039161,0.05225920559362329,0.01798555833657811,0.00698401417728145,0.00920034636825351,0.9667094945216996,"[0.9158606413238439, 0.6696530676333952, 0.8287460649643564]","[0.013893272585983274, 0.15332850246123086, 0.03045811759606276]","[0.7427890713448653, 0.5097191818996479, 0.6914586291747544]","[0.051071920815575655, 0.08610304556367185, 0.05477593444248913]","[0.07992941687413375, 0.2980287111950753, 0.15457759104343083]","[0.01297324301558455, 0.14544218612309565, 0.026883812970343916]","[0.23144535190413237, 0.4543591361230088, 0.27988695678920433]","[0.04524308758818736, 0.08250295268497898, 0.04912661770158265]","[0.03641010046379973, 0, 0.05526399886770017]",0.050751054557011496,"[43.873574506348234, 44.23084124322342, 140.07295353059993]","[421.47152017566356, 496.92041894034884, 1414.973064776614]","[0, 0, 0]","[1114, 1328, 3540]"
6c8e9197-fd16-4fed-bfda-e349cab26314_p0_4350,0.51081029974467,0.11161675464680998,0.11235681881478349,0.036510550417643284,0.03538345946970434,0.9267930837777644,0.023656557569408654,0.02518707321981095,0.007828855039696325,0.008227288113739406,0.909937582509054,"[0.8219124047944483, 0.5550458231064158, 0.7661896644940197]","[0.03254002527090549, 0.08081147243088835, 0.039265341965823986]","[0.6252633319700042, 0.3869014720348815, 0.6038476753580184]","[0.0660953049859091, 0.07084641993661711, 0.0626867707406335]","[0.1715734245777811, 0.4053173788718524, 0.21647314797515538]","[0.030872350699076387, 0.07797539061946707, 0.03560516748476679]","[0.343796217778179, 0.5743672333266077, 0.3637177955006844]","[0.05977831157053609, 0.06853966863755834, 0.057084467747066464]","[0.05144163208562684, 0, 0.05905464688472712]",0.05723375141824694,"[43.241943840971864, 44.42741202408089, 138.31305002504706]","[423.91445601323846, 502.93047362801667, 1407.407814120368]","[0, 0, 0]","[1111, 1315, 3534]"
6c8e9197-fd16-4fed-bfda-e349cab26314_p0_4850,0.4822917211635231,0.10928350659709846,0.1398113257772311,0.04874712577570456,0.04034538600307597,0.8787788167443971,0.03703423665018768,0.03006300490816083,0.009551461158587071,0.011333284560978929,0.8636041731361245,"[0.7148750621630172, 0.498337829054936, 0.7148098284913903]","[0.04507533575862871, 0.09337057222122036, 0.04036436055246462]","[0.5280098841272792, 0.30351573699686407, 0.5246271847621461]","[0.07782920264217835, 0.0795108415077246, 0.07410550703351867]","[0.27532942220509854, 0.45542596764429744, 0.26811059266101744]","[0.043346204686825665, 0.08963475718160066, 0.037440749954016875]","[0.4351671699066367, 0.6532962887151289, 0.4385851089985606]","[0.07145046324664356, 0.07715689706771034, 0.06810278391221794]","[0.06625841691171008, 0, 0.061268909881937714]",0.06245822515359379,"[44.25723382893853, 44.32408391490001, 140.69959098872695]","[427.9633920534298, 513.5016236713532, 1420.7422374913012]","[0, 0, 0]","[1101, 1295, 3518]"
6c8e9197-fd16-4fed-bfda-e349cab26314_p0_5350,0.423452191910633,0.09727861087462297,0.10609979505331207,0.04112501534605395,0.04092262184011303,0.8426584470117462,0.03280391931964821,0.030671565985122662,0.008909162021788708,0.010743270296729168,0.824595430743779,"[0.647598081399676, 0.4748487965548879, 0.6752101969015605]","[0.05597336482779813, 0.07148205225181642, 0.04515233716604966]","[0.4957976380856126, 0.2811553838226821, 0.4968087037138402]","[0.07338659880985124, 0.06992799711335, 0.06825830645016687]","[0.3385319645289941, 0.4943979173636077, 0.3079086897384303]","[0.053373764808028856, 0.06671101946811359, 0.04224363414733742]","[0.46610234932083455, 0.6712302774452074, 0.4642840775668875]","[0.06734377888428805, 0.06746208513522572, 0.0626485964148138]","[0.07770524716547873, 0, 0.06604827766350682]",0.06879079581987421,"[44.770753018379, 40.69154860118982, 141.2782023847227]","[421.63713512494144, 483.8046682047274, 1429.9439635896988]","[0, 0, 0]","[1082, 1272, 3517]"
6c8e9197-fd16-4fed-bfda-e349cab26314_p0_5850,0.39249199053804346,0.1040456426406618,0.11669686493053133,0.042482920186854733,0.03582638134257232,0.804555176372231,0.02857237892516218,0.032586900220479165,0.00845780115804795,0.01048018034130438,0.7793733962137831,"[0.5964311722670604, 0.4148737476983153, 0.6434419679028638]","[0.04685183278985444, 0.061237946027405815, 0.03745298799596003]","[0.4466036108143125, 0.23352020938705972, 0.4692712662910995]","[0.08303163093780253, 0.06085442780830057, 0.07988015070978396]","[0.3854880816387742, 0.5544919263049757, 0.34013891916275923]","[0.044159834161932615, 0.05666953963570265, 0.035129631573341785]","[0.5093816364662179, 0.7192970264691426, 0.49029061543595903]","[0.07544169333448997, 0.056772720118514974, 0.07311462250384171]","[0.08191883290142768, 0, 0.07000008666593445]",0.07279513313368423,"[44.89122123516239, 41.29782826827241, 141.41100277593233]","[418.38839766430016, 487.88644414781163, 1414.5923811583039]","[0, 0, 0]","[1071, 1288, 3496]"
6c8e9197-fd16-4fed-bfda-e349cab26314_p0_6350,0.32371270779709127,0.07494671446613915,0.08842601661871385,0.031171157373889702,0.032033852637840865,0.7465856088217079,0.024796942740988648,0.0318810206543082,0.009934414001528391,0.009401538989167846,0.7222440843942279,"[0.4937199853745847, 0.35438215386557437, 0.5949843456534597]","[0.0403286160417895, 0.050688404753745475, 0.03539358101873974]","[0.37673719326245836, 0.19892401340282664, 0.4421204988809854]","[0.053490547294779534, 0.042544633294226766, 0.05473123129376872]","[0.48489769404855837, 0.6046024114833073, 0.38914446451324886]","[0.038039221412681734, 0.045376639862979185, 0.03355860049665271]","[0.5829430045032941, 0.7454435264136585, 0.5168585454184865]","[0.04937153358345614, 0.03930585223557215, 0.05019893466430045]","[0.09256860698842705, 0, 0.07796513724550158]",0.08134063511795396,"[44.463149100517306, 41.43609145096066, 140.06499913800806]","[402.20317711391266, 486.2896436379717, 1361.5210871859713]","[0, 0, 0]","[1045, 1268, 3476]"
6c8e9197-fd16-4fed-bfda-e349cab26314_p0_6850,0.22119542353999208,0.09663435190249445,0.1107353426964551,0.03843581335336968,0.03957737584890855,0.6432579560997987,0.027908661875599816,0.03168921184376883,0.011656752446894347,0.010990515512599663,0.6377097926854252,"[0.28621376930428716, 0.2773422026312028, 0.5252210897764995]","[0.03244446669332163, 0.05842004542343632, 0.03867934654005656]","[0.24907810639295033, 0.17119048033885176, 0.400628451615507]","[0.04591193523520229, 0.040256826459551434, 0.06170037731704575]","[0.6963029230794229, 0.6748547343249566, 0.45914042205725225]","[0.03112206565443887, 0.051953709627109546, 0.0369300833299214]","[0.713479869411319, 0.7627475278557799, 0.5566669431201928]","[0.04324035387327835, 0.036493320459098144, 0.056726649508315685]","[0.10472617986380252, 0, 0.08346631249411138]",0.08831472093379297,"[43.665819524218435, 41.121637697442004, 137.98841178254696]","[410.69604439805414, 473.7347622750479, 1376.2350276569955]","[0, 0, 0]","[1021, 1247, 3456]"
6c8e9197-fd16-4fed-bfda-e349cab26314_p0_7350,0.13562068781989375,0.09964106951347479,0.09731028913626974,0.03588074684339032,0.033840374268860274,0.5406924649292218,0.028334457991832984,0.03503820113604428,0.011387939731573149,0.008926811571924653,0.5339038130287986,"[0.10050913929278131, 0.22129730618543766, 0.47367773264050184]","[0.016016160610491943, 0.04166062651281231, 0.04513396378592985]","[0.11508877481717342, 0.15214161914312835, 0.38577191764547364]","[0.02501485620772522, 0.044226832299393073, 0.06023267745459937]","[0.8777020047148961, 0.7258357342327487, 0.5091363086635954]","[0.01491299535602314, 0.037296003804571265, 0.043015427485297575]","[0.8421472960034586, 0.7766364932335563, 0.5727552567341179]","[0.023665521135586454, 0.03997876199257383, 0.05562727888435115]","[0.11231315617640943, 0, 0.08963291806045884]",0.09477636250244402,"[43.647281155841384, 41.06914511726236, 138.90511373736197]","[407.36757102067696, 455.23228645675096, 1385.4595905690774]","[0, 0, 0]","[1006, 1210, 3430]"
6e839eaf-1dbb-43f5-8846-c980e05540c7_p0_4500,0.28925759444497084,0.09244539000181384,0.0992391992706658,0.028123479831368814,0.023111361682105203,0.6442101676389369,0.034530384748454934,0.029023453279036326,0.011455254362087497,0.0120751083241184,0.5745592938011861,"[0.39498419790470984, 0.312468616274557, 0.3578308101005122]","[0.032888564092141165, 0.03081433454583593, 0.035621477874462404]","[0.2265236930175264, 0.2888617906121295, 0.22304682155067923]","[0.04088147863534371, 0.04805532541989785, 0.03936233721879376]","[0.5447368414669751, 0.6116581746249724, 0.5689181608833992]","[0.030732707207185628, 0.028924008556860115, 0.032608618468347006]","[0.7305785934198261, 0.6453937655257675, 0.7151774818486147]","[0.03812330153296889, 0.04495215062271857, 0.036981581595381785]","[0.07858665156350451, 0, 0.06356463013900793]",0.0657387084645483,"[28.427303227270276, 119.58693202817817, 128.37162759056744]","[271.11470395675445, 1213.4245270830318, 1614.271200857522]","[0, 0, 0]","[531, 2653, 3138]"
6e839eaf-1dbb-43f5-8846-c980e05540c7_p0_5000,0.25880620615581945,0.07664515601778699,0.0718026964295404,0.024541567471619397,0.027015583166093177,0.5325669441066203,0.029405164444045395,0.032155292162474036,0.009686347479604729,0.012886828320540666,0.4603353140317799,"[0.3241092233475513, 0.22073985871618862, 0.3071698158560148]","[0.03165261636192149, 0.026066041354440767, 0.03453570652942195]","[0.1618126281445969, 0.194360502764318, 0.16759927888685916]","[0.03605882926493144, 0.04789845304618001, 0.037642470180513865]","[0.6257920651371235, 0.6944329611420307, 0.6143268907925158]","[0.029380038514754625, 0.023893503156976914, 0.030773642466644546]","[0.7876807811321718, 0.7359498286805605, 0.7640390648158794]","[0.03361090978116943, 0.04356468691924176, 0.034540621650976044]","[0.081769060537103, 0, 0.06624958971790851]",0.06840104928228631,"[26.309685329151936, 119.51779566604468, 131.1753583549004]","[256.3582044788241, 1227.1681481437804, 1596.504087635617]","[0, 0, 0]","[520, 2632, 3231]"
6e839eaf-1dbb-43f5-8846-c980e05540c7_p0_5500,0.22942464733282555,0.06275009018564379,0.05801970744766752,0.02402629946046994,0.023112565131523294,0.42593231523616654,0.03252410984758258,0.029381669223086715,0.011761804706227397,0.011826389767417234,0.35345765386080835,"[0.2629208134630807, 0.14011921674948927, 0.26831978920807076]","[0.027167620925576966, 0.019820172690175046, 0.03333679155249043]","[0.11755714387613209, 0.11371420543909595, 0.12884074422521652]","[0.03275095137284083, 0.031553318830746656, 0.03564834716875111]","[0.6821074463024885, 0.7630186173100028, 0.6432862730328012]","[0.02554992668812478, 0.018055637461446783, 0.02951198346665357]","[0.8257659307178923, 0.8104782962109183, 0.7944848762340961]","[0.03010330211504486, 0.028643494180198514, 0.032318205125051624]","[0.08612276783400243, 0, 0.0685786290240746]",0.07096303913523204,"[25.97595698392016, 116.68072181414006, 134.1423657379711]","[250.2175280031587, 1215.5067848850683, 1590.2852421696298]","[0, 0, 0]","[503, 2594, 3198]"
6e839eaf-1dbb-43f5-8846-c980e05540c7_p0_6000,0.22780147930630945,0.05220407527206555,0.048559258400457744,0.01816637426941936,0.018729843186403472,0.35936029070120656,0.023102068276687815,0.028105042066266295,0.00971087365802864,0.008373646086970221,0.2922718034527284,"[0.22703660793476568, 0.0977811625208505, 0.2366379273597825]","[0.02589723393788676, 0.012292534022580556, 0.03066716804277622]","[0.07936043776315493, 0.06343093197959516, 0.0937037995422898]","[0.02836891038348478, 0.022416613623288315, 0.030446587987607833]","[0.7057405407044551, 0.801412590251621, 0.6673218181791779]","[0.024495258983903867, 0.011130747436371047, 0.026684643288740706]","[0.8540678274129643, 0.8536617234762603, 0.8216526615682964]","[0.026150270118195484, 0.020226537793893384, 0.027301627734141742]","[0.08704651977237238, 0, 0.06951252788792381]",0.07184205082837758,"[25.63788222027118, 113.52471379998387, 135.00060376593166]","[244.36434618917173, 1173.4709274607612, 1583.4745862154464]","[0, 0, 0]","[484, 2565, 3159]"
6e839eaf-1dbb-43f5-8846-c980e05540c7_p0_6500,0.22448384064121882,0.0485037160755942,0.03893961486844849,0.016783684961498346,0.017297300016893474,0.32199399245470345,0.021491604047009505,0.02364271758208314,0.010649382950956021,0.009129509859701623,0.2615849058471879,"[0.21275670048953432, 0.07826312615313659, 0.21232621521835227]","[0.02387777140695195, 0.011288907922449201, 0.026934194004216955]","[0.05817836593611985, 0.038933479542283586, 0.07027420321035155]","[0.032400510691329695, 0.021087471270366795, 0.03393950671362883]","[0.7089419343327958, 0.8256222641783805, 0.6925252482070764]","[0.022387488205759976, 0.010409992946072033, 0.023554584301378245]","[0.8681690591042812, 0.8739189256760447, 0.8397450259218237]","[0.029454001118624396, 0.018915230911015102, 0.030190094472043183]","[0.08685142167130712, 0, 0.06991208622929052]",0.07210255849823011,"[24.8087282019962, 105.90051262515267, 132.41037376961415]","[234.10973642190095, 1125.5484897917959, 1567.2540519975355]","[0, 0, 0]","[461, 2497, 3104]"
6e839eaf-1dbb-43f5-8846-c980e05540c7_p0_7000,0.21372994363185271,0.0579339257233531,0.045685451057283444,0.019664230383536624,0.02029123531981397,0.2914146840239152,0.021561069162958357,0.027368331856490347,0.009089530937701595,0.007661424160082697,0.23246522639060957,"[0.1949763236853341, 0.06850384816248792, 0.19036497489926837]","[0.023970529629390586, 0.01152595301005788, 0.026972932492081825]","[0.04466862756856685, 0.02793362901982601, 0.05470185136627685]","[0.037192416411471994, 0.02100901460872094, 0.03811837748220499]","[0.7333300566046799, 0.8358840951036133, 0.72095540566412]","[0.0214601735823291, 0.010696069038997391, 0.023654417060271105]","[0.8704923292543895, 0.87762522189133, 0.8499895031043962]","[0.033224553685438474, 0.018782448562214726, 0.0339719570603747]","[0.08593218131338463, 0, 0.06899888379016021]",0.07111069125076877,"[22.594311331175167, 99.13397189038493, 125.48244596888344]","[222.3902224676167, 1106.6957015153787, 1548.5806100938084]","[0, 0, 0]","[435, 2442, 3053]"
6e839eaf-1dbb-43f5-8846-c980e05540c7_p0_7500,0.18461506379096185,0.059961345846951175,0.03645595781839628,0.014242914545299107,0.01673195748087758,0.2412520799369099,0.021738345071201315,0.03260441121781005,0.011465169033372136,0.00965658067908548,0.1980918585445483,"[0.14900985940078093, 0.05109147931575969, 0.161821315643735]","[0.02236563466308368, 0.009235554898130726, 0.030712272558691578]","[0.02852271488605798, 0.019644534987023135, 0.04022124087985679]","[0.02114013821146629, 0.015384384030978537, 0.027710325913103802]","[0.8020729371370929, 0.8416265950553506, 0.7518390565404941]","[0.020287407677119174, 0.00823193925273702, 0.027043117892676383]","[0.8804923877775339, 0.8809262045303194, 0.8587839124792729]","[0.01905070991604857, 0.01365641540927598, 0.024475602848371414]","[0.08974108433572514, 0, 0.0703437603647387]",0.07262881527436432,"[20.054441908897694, 98.87671205226206, 120.83849646897035]","[204.14366111892483, 1054.7361899220202, 1508.1722955088337]","[0, 0, 0]","[401, 2371, 3003]"
6e839eaf-1dbb-43f5-8846-c980e05540c7_p0_8000,0.17507773902128967,0.039018897325074825,0.041763025547037536,0.015497240810597085,0.016073082798878785,0.21460659534611085,0.02425312245020783,0.02879160539951317,0.01071610163643491,0.00856167674291558,0.16886396978210466,"[0.0879804178557615, 0.046759911184752756, 0.14783443185489079]","[0.015471681454364346, 0.011237076298713806, 0.026257973474635217]","[0.014813325287824348, 0.013722785659326825, 0.030669020228441878]","[0.011080889629870146, 0.012058942360391553, 0.022059773316533395]","[0.862925917806704, 0.844645409496959, 0.7646052125574283]","[0.01448558334931882, 0.00968537660719504, 0.023047373608302113]","[0.8743750335063182, 0.8785638618407197, 0.8623971126379263]","[0.009652412825094825, 0.010598106232351523, 0.019350625387825393]","[0.0990683781264134, 0, 0.07204564049808315]",0.07510038475172048,"[19.445753028699702, 95.30194333248632, 120.74020213514495]","[194.35033860143224, 1037.8334233513099, 1490.7950281342398]","[0, 0, 0]","[377, 2308, 2958]"
6e839eaf-1dbb-43f5-8846-c980e05540c7_p0_8500,0.15251061635021262,0.03430037240974801,0.04845984502994252,0.016604990963403565,0.011512641178114819,0.18473601169039017,0.021129379693831413,0.038218599487390315,0.01065384729430141,0.008069983435431138,0.14936544684909234,"[0.037357919937113085, 0.04301984112365017, 0.12296282882121722]","[0.012304545368201357, 0.010081162924285006, 0.027072297014242484]","[0.00328290524340849, 0.010394566600960298, 0.0237079382421254]","[0.003963387566833847, 0.009472075911231108, 0.021919537692114764]","[0.9175017145328154, 0.8467801670054662, 0.7876506427000713]","[0.01128343795454756, 0.008643793156257573, 0.02367997727650001]","[0.8877488874714784, 0.8759927398797797, 0.8638475897054977]","[0.003757520184870966, 0.008242539996948184, 0.01909231795369498]","[0.11229873054730655, 0, 0.07468779252112814]",0.07857298038383853,"[18.23225073140405, 90.30301536317269, 117.68919950170942]","[168.3576277785904, 1014.3032361140913, 1441.7933399270407]","[0, 0, 0]","[335, 2227, 2908]"
71fda5a9-7049-406f-9348-2c24f7ddf5f4_p0_4690,0.6740234457401505,0.11556197217490882,0.07881206974980648,0.028502764258545255,0.035095438090090414,1.007155724452924,0.03262279562860981,0.024979173641721863,0.010268380852467285,0.009762956950069457,0.9437822553808762,"[0.8321374800484462, 0.6336038152850588, 0.6958796030140261]","[0.033549983648296144, 0.057844481534251424, 0.05993013118530349]","[0.5868017480666934, 0.5059780570064533, 0.4799893701373]","[0.048640317080303086, 0.07999690091133171, 0.050759419632436575]","[0.15663623636748888, 0.34013037838695337, 0.28178404935334905]","[0.030706445478515747, 0.052727014338988215, 0.05600603533988169]","[0.3804709042814913, 0.4570012905565802, 0.48413606035717854]","[0.044069300984838244, 0.07359937300606009, 0.04698921307636489]","[0.036341441083823305, 0, 0.0344964133899189]",0.035522061891780525,"[94.62509599140235, 94.98719745498974, 52.76408601861337]","[1076.3901247995152, 1061.1849256433452, 895.9316264012689]","[0, 0, 0]","[1800, 2261, 1438]"
71fda5a9-7049-406f-9348-2c24f7ddf5f4_p0_5190,0.6099128503857894,0.09665295662828233,0.07901152725646732,0.029249683491982426,0.03532839169955371,0.927237474331643,0.027222532366768637,0.035464566492982685,0.011066145448605291,0.009077352547680939,0.8714708055326645,"[0.7564447657076977, 0.5207214929792555, 0.6412342062496534]","[0.04449647331213963, 0.061798306389704016, 0.057380192746798564]","[0.4753158434158222, 0.3903082854703364, 0.4260191567476236]","[0.051526636534078796, 0.07912275800077723, 0.051368582408753694]","[0.23095491513045296, 0.4476615719994054, 0.3395912221199322]","[0.04174910017745444, 0.056832497376356594, 0.05445765560619398]","[0.49113758331567636, 0.5672615812518007, 0.5387569542036617]","[0.047816516854947394, 0.07400894594847365, 0.04797343712755672]","[0.04153415188866148, 0, 0.03819508576705997]",0.04005197291199049,"[91.42200718987579, 97.64083068087922, 51.532290771417756]","[1039.1049091886023, 1065.2921072780994, 854.5582692185202]","[0, 0, 0]","[1784, 2239, 1424]"
71fda5a9-7049-406f-9348-2c24f7ddf5f4_p0_5690,0.5253571102185788,0.09137250891343862,0.07238632055720912,0.028023303901893448,0.028611595687116964,0.839765423844113,0.02587113143665032,0.025024605889868434,0.007925634484650779,0.009074032230122375,0.8021035751082498,"[0.6699135643065836, 0.42674281329402974, 0.5561447166434325]","[0.04168121362131216, 0.03427676987189163, 0.04886169688649361]","[0.3765674082609941, 0.3053497810372263, 0.3689633744939733]","[0.05444617899220608, 0.07513484558451368, 0.05512845730207061]","[0.3176856121242674, 0.5369531881001797, 0.4272142459185249]","[0.039608397758097796, 0.031667995381924, 0.04680275933654268]","[0.5888439671795457, 0.65046946910738, 0.5939595290910425]","[0.05112544821833753, 0.07007657970907721, 0.05153720152305369]","[0.04757434146353786, 0, 0.04393657031319436]",0.04594890564431577,"[89.47654902267094, 97.39029760640278, 51.190534624968414]","[1017.8245177507769, 1065.0274344125733, 841.4001527338212]","[0, 0, 0]","[1758, 2235, 1420]"
71fda5a9-7049-406f-9348-2c24f7ddf5f4_p0_6190,0.5081418083959038,0.07653519543691867,0.09100484026282873,0.036225222161205384,0.024437686987920038,0.7788784746218294,0.03425676665720423,0.0337142341871568,0.013346354026098406,0.012493765105704657,0.7462122323010182,"[0.6165410436896892, 0.3693162645620566, 0.5110434750319209]","[0.041497055690609796, 0.04086582996132246, 0.04215222106595343]","[0.3011355688546319, 0.2309884400931236, 0.31140206394923725]","[0.05549697569786964, 0.06528860857246618, 0.055570380376364636]","[0.3685295018667179, 0.5960964950518512, 0.4693695012719184]","[0.03955824044721909, 0.038035599396402275, 0.04023549130604709]","[0.6637421201407101, 0.7184839342556973, 0.6464712201233802]","[0.05258311138164529, 0.060794165314078386, 0.0519688092066537]","[0.049810061555925406, 0, 0.04527496368708255]",0.04776861737348675,"[87.99823961728698, 96.43970143791393, 50.910624458738994]","[984.7236753895409, 1096.49340729616, 820.1340980961274]","[0, 0, 0]","[1726, 2218, 1413]"
71fda5a9-7049-406f-9348-2c24f7ddf5f4_p0_6690,0.49615740954598997,0.08801246809701557,0.05305410143082451,0.025417942074429822,0.02786172482046445,0.7468659384963727,0.03823387833876668,0.03229649641724086,0.014555196523212799,0.01534097712621696,0.70271216802924,"[0.5941439917810243, 0.34036908479967126, 0.48611308993899965]","[0.04783024131927904, 0.037538659181789585, 0.04800463293818194]","[0.273754748778965, 0.2151207973361331, 0.2874385178056558]","[0.05297453840636533, 0.05651840892286264, 0.052218055651570075]","[0.3881021709506006, 0.6211332631433018, 0.4922818515189677]","[0.045244251121136836, 0.034968137822640355, 0.045584126861600544]","[0.68746006879911, 0.7326514533141772, 0.666379534125886]","[0.05008540351180929, 0.05265011846936979, 0.04849565211623241]","[0.05125171576638467, 0, 0.04564647205317596]",0.04871536555155109,"[88.92576702881854, 97.3311152851442, 51.09073440763971]","[980.8830493506922, 1040.378059479497, 828.448504852167]","[0, 0, 0]","[1700, 2193, 1405]"
71fda5a9-7049-406f-9348-2c24f7ddf5f4_p0_7190,0.4610028178385843,0.08471134674296443,0.10508983562755841,0.03423436379608502,0.03295310345596503,0.7120856374678958,0.04467374684972558,0.03398562696270169,0.010468944844163941,0.012802713526500753,0.6615713938281038,"[0.5580230796193392, 0.3140159784030602, 0.454583650402588]","[0.0495547067745285, 0.04728896738652821, 0.049477192353218485]","[0.2558758323359381, 0.18975480929366206, 0.26775659550963943]","[0.053215468724983866, 0.05272842513230175, 0.053029752487857365]","[0.4193387073255424, 0.6422350438425471, 0.5199266406961718]","[0.04624363123276937, 0.04377524390959453, 0.04675950005944132]","[0.6992044111836175, 0.7541019350017553, 0.6827639076994242]","[0.04986477000301387, 0.04900301669626972, 0.049115554304088205]","[0.05623831342990312, 0, 0.048350435338673295]",0.052653148102490555,"[89.34690110639363, 96.2393999086643, 51.47929784764549]","[955.3494285515516, 1053.7762982778622, 813.3859116605835]","[0, 0, 0]","[1673, 2171, 1394]"
71fda5a9-7049-406f-9348-2c24f7ddf5f4_p0_7690,0.41695140753119087,0.06753319798112689,0.08189191551851255,0.037399667635996336,0.03308893045514083,0.6509027765589281,0.03492797918636903,0.031168914410322546,0.010775692046322671,0.011417299628954103,0.611241181855705,"[0.4819489898438942, 0.27518536236235897, 0.40508927281825224]","[0.04670925728919614, 0.038566923702319234, 0.0438305653553043]","[0.20836622380728922, 0.161564851312065, 0.22976820400984777]","[0.04803039209786901, 0.05498165978521563, 0.04900589602732061]","[0.48722639130828793, 0.6778440186391635, 0.5643996204899676]","[0.04331947811850409, 0.03546564073935321, 0.040889049326765126]","[0.7396207468817648, 0.7789627459266432, 0.7154235679843199]","[0.04465012969058013, 0.051062994320779376, 0.04519710450036962]","[0.06347515223697121, 0, 0.05175087601149217]",0.058109937090079805,"[90.62937953194178, 95.90377071248231, 53.04460565046823]","[942.76200950945, 1006.47750936196, 810.8592377973815]","[0, 0, 0]","[1638, 2141, 1382]"
71fda5a9-7049-406f-9348-2c24f7ddf5f4_p0_8190,0.36408402406067,0.06856946000352598,0.06918053119274409,0.028546464812935435,0.027369409914045573,0.5756291987773622,0.03672333784248505,0.03952568584610738,0.013568813373183275,0.013853036901327886,0.5538901524111628,"[0.3917329196955577, 0.23210820846408853, 0.3672922549451595]","[0.04321650139372171, 0.03160778995949584, 0.041190490664474944]","[0.1584834943199107, 0.12809930921260854, 0.20402320923617778]","[0.047604385477179684, 0.04237471629660225, 0.05824516374594109]","[0.5759105652782978, 0.7217365808613043, 0.5976275649320963]","[0.040416467653611954, 0.02960510720515347, 0.0384318113909804]","[0.7911145457619722, 0.806695991667356, 0.7370930086436567]","[0.044479429772627976, 0.03907874052859445, 0.053547659563401906]","[0.07024970035844774, 0, 0.05420952799069893]",0.06279839531214707,"[88.44289750708153, 95.0637353493981, 53.05119968394621]","[917.7274194706968, 1000.5599791794871, 795.0528483111113]","[0, 0, 0]","[1578, 2117, 1369]"
71fda5a9-7049-406f-9348-2c24f7ddf5f4_p0_8690,0.2958721345837926,0.0696751081708945,0.06806758266102014,0.02629203991473672,0.025420958302808327,0.5020849441352951,0.031755267728308834,0.03523389732687682,0.012170166846611319,0.012451287890693441,0.4710025198762975,"[0.28577132237611613, 0.20497813922328237, 0.3476470457509755]","[0.032845225263869654, 0.027623218820600176, 0.03585772042939331]","[0.11361036155294635, 0.1228638078343321, 0.21052836249526735]","[0.03314060492578317, 0.041491912887010644, 0.05642430116370993]","[0.6798507483952023, 0.7445613779440613, 0.6141625942912394]","[0.031053574642645188, 0.025844263683957813, 0.03320102532362562]","[0.8308107325332851, 0.8085198140750752, 0.7291630794704058]","[0.030893612121738412, 0.037973821164682675, 0.05168337239730514]","[0.07759840543829634, 0, 0.05667655981142395]",0.06781273031768464,"[89.41097172664233, 93.85592581401636, 54.693850484717316]","[944.309950266215, 965.0818627544968, 814.5753488034335]","[0, 0, 0]","[1542, 2088, 1355]"
7b08e810-f3c9-4155-ac11-f45a3a4f8b41_p0_5140,0.643138117900346,0.12704499196177121,0.09357875689278128,0.04168464085125856,0.04383424622165799,1.0309186164141741,0.03852571180250286,0.02901633398115777,0.008282327511939691,0.010762504037491016,0.9947651509957249,"[0.8271058409943284, 0.5707954787830509, 0.68492708466574]","[0.041723094900217084, 0.0435836561619965, 0.05608524996489783]","[0.6221294489747247, 0.4115533331690297, 0.454759202336239]","[0.06504778015042123, 0.04777678940435942, 0.06486845207201189]","[0.15546040551840687, 0.3883871730419439, 0.28796442801018063]","[0.037492153712356945, 0.04198248563743939, 0.05134175056343529]","[0.35469078881739335, 0.5423762923845526, 0.49005982445230745]","[0.060428846227716215, 0.04577239811713785, 0.058545664916219264]","[0.03848375588595174, 0, 0.04670634800263403]",0.04282722408551853,"[41.38057809469579, 142.8547910548861, 43.55701510879383]","[475.6063120850196, 1764.0040435768417, 553.5555410964942]","[0, 0, 0]","[944, 3538, 1057]"
7b08e810-f3c9-4155-ac11-f45a3a4f8b41_p0_5640,0.6567668212533608,0.09125711772324574,0.10213633114833653,0.0351979775479736,0.030264062366443856,0.9501182815565313,0.023566693327883526,0.0232191878201935,0.011406059571045568,0.011103733861741016,0.9116740228776955,"[0.8014627252314758, 0.4763118431086211, 0.6685485245548943]","[0.049822291665287066, 0.028487791892406855, 0.06144710763935152]","[0.5155974739877686, 0.30571614463445235, 0.39273103483068894]","[0.08245082600697504, 0.04931783503815282, 0.07133454838595218]","[0.18123567265652266, 0.47825390633119147, 0.30150768512274173]","[0.04531677273069358, 0.02795502808728681, 0.05553957121974787]","[0.4572193558905653, 0.6465192159704788, 0.5469354937863354]","[0.07743563139667986, 0.047662120090857074, 0.06364884568787824]","[0.03548932050082338, 0, 0.04473562747480414]",0.040362374176299724,"[40.83563196722705, 146.34178236883673, 42.486923666181426]","[462.4896506777765, 1770.6607510479985, 531.4626680651234]","[0, 0, 0]","[945, 3511, 1053]"
7b08e810-f3c9-4155-ac11-f45a3a4f8b41_p0_6140,0.652194259445357,0.10982946517026426,0.08790765325501215,0.03137377695470078,0.03098446267945787,0.8951827429152256,0.034513269094502474,0.03191650827120962,0.010573702577986066,0.011010760364820182,0.8457456049236504,"[0.7630472236649255, 0.4339801834366682, 0.6416843405762218]","[0.06336510328405454, 0.03563493025215089, 0.0713418594714077]","[0.42967002261398085, 0.254375136745854, 0.32887621705438586]","[0.0865223797216978, 0.047104697715101174, 0.06501798100634354]","[0.21649739348407196, 0.5364164668289984, 0.32790652739701687]","[0.05768259586065484, 0.03352459814593872, 0.06496728465431634]","[0.5404829052334555, 0.70190203465185, 0.6069585913369502]","[0.0818283821502385, 0.044438705973127435, 0.057795389952775944]","[0.034300531665282005, 0, 0.04150116115504557]",0.038105183711103836,"[40.3864212999969, 145.28174973576586, 42.16951929903442]","[475.28338748478933, 1807.164763760593, 553.2664072596216]","[0, 0, 0]","[939, 3517, 1052]"
7b08e810-f3c9-4155-ac11-f45a3a4f8b41_p0_6640,0.6351163217807289,0.11036305987131556,0.09091852637202569,0.02436625872851861,0.028205345318972674,0.8436658084295633,0.046190162818870006,0.04194684880856736,0.014648636390089176,0.01468643722812446,0.790111593822207,"[0.7450665041429169, 0.38841618473625217, 0.6161607175551853]","[0.07160725269715007, 0.0417577734436364, 0.0814897366070188]","[0.3799166206343986, 0.21337362482842365, 0.28369329355035733]","[0.09442712022094427, 0.04925013935161164, 0.06589962796854483]","[0.22903814681058005, 0.5817841467955354, 0.35306634662944597]","[0.06349705985143772, 0.03955194701520154, 0.07411152801402612]","[0.5845232543991219, 0.739312597128029, 0.6491285898401767]","[0.08895873957829395, 0.046488132123068515, 0.058865213175765485]","[0.03396939549699849, 0, 0.04151173124827715]",0.037964856623305884,"[40.74579713303785, 143.35419272416345, 42.11851918055463]","[473.12106401493963, 1773.5279624773286, 556.4250849629143]","[0, 0, 0]","[933, 3485, 1051]"
7b08e810-f3c9-4155-ac11-f45a3a4f8b41_p0_7140,0.5982475296653178,0.08244560323659855,0.06385311290947016,0.024077282587688487,0.03313519355967487,0.7645495828329409,0.040973428194524764,0.03384115082339023,0.012021377181402948,0.013091113368389529,0.7080584289256232,"[0.7560629591647485, 0.31574074653940204, 0.5964790216329703]","[0.06723546780612172, 0.03152852932856595, 0.07644210335429624]","[0.3379757898058296, 0.16135329537171914, 0.24204649307814563]","[0.08277002348603793, 0.043025387238430066, 0.054354784589535104]","[0.22568974390495675, 0.6492190651939355, 0.37240891076694277]","[0.06165609014163578, 0.029433254637325545, 0.06950646300610072]","[0.6193529715649987, 0.7861155286589058, 0.6874968311800028]","[0.07741596613815338, 0.03999012674588226, 0.04851640028636767]","[0.03237688316295226, 0, 0.04268099490149664]",0.03785045241219426,"[39.72422978807952, 144.7060658884056, 41.98984145922929]","[451.1074412536668, 1758.8256566025877, 538.5344302561499]","[0, 0, 0]","[924, 3458, 1047]"
7b08e810-f3c9-4155-ac11-f45a3a4f8b41_p0_7640,0.5645544863712691,0.07034225664892668,0.07731563932514729,0.019428198975423583,0.02365725194290169,0.6928679250093068,0.03694079638992753,0.04507555874644298,0.014203826232951688,0.009890167246138004,0.6392385671338218,"[0.7529993715296461, 0.26136836987158246, 0.5702920118929962]","[0.06752527746176046, 0.033170854402664526, 0.08001938684360907]","[0.28972617419402796, 0.12279992299392903, 0.2020431006228513]","[0.09991036054948978, 0.04012633315893894, 0.05966337654059631]","[0.233229848607212, 0.700744994276139, 0.39735702876974927]","[0.0627461925622902, 0.03066558382605833, 0.07310005924120211]","[0.6579002026817824, 0.8192647466866702, 0.7246786361341604]","[0.09246128068419335, 0.03701067716952161, 0.053143368888292575]","[0.030325849897101666, 0, 0.041289015450602304]",0.036163161346640584,"[38.535014436418905, 142.60533813008797, 41.08843263349783]","[456.4914198573331, 1766.524183772894, 554.7529938649442]","[0, 0, 0]","[915, 3429, 1042]"
7b08e810-f3c9-4155-ac11-f45a3a4f8b41_p0_8140,0.5215018778862625,0.07204793602996717,0.06106637631215911,0.013628532325105414,0.022052400427720498,0.6370420519252564,0.044210761192870485,0.02933427780647635,0.00767219470377889,0.012100529391766535,0.5932422814123458,"[0.7296931202672694, 0.22104083082257925, 0.5399534629397911]","[0.06181261919972458, 0.025075431888474414, 0.07372785167292034]","[0.2499748598497991, 0.10110067562130237, 0.1768259365540592]","[0.06690875505546788, 0.025516916505758533, 0.04036529746624988]","[0.25380662198761555, 0.7371521296710476, 0.426114552930459]","[0.05658499949238034, 0.023139756325540495, 0.06711893296195617]","[0.6983195131108624, 0.8343787482661443, 0.7474093734896637]","[0.061891150925921345, 0.023327314533050925, 0.03648561092581909]","[0.031019674725076576, 0, 0.042205655123391334]",0.03703264606295887,"[37.411977623922645, 144.21204524789323, 39.96076252265274]","[441.05403784116294, 1780.63385454022, 545.4058918105092]","[0, 0, 0]","[893, 3400, 1038]"
7b08e810-f3c9-4155-ac11-f45a3a4f8b41_p0_8640,0.47959882088312045,0.07635629074644934,0.05815415867884821,0.01387470093490073,0.016751403073306748,0.5812699781952595,0.040211408042101104,0.03598478019254281,0.01073622526881468,0.009112316989679625,0.5381146730823252,"[0.648623453871444, 0.1901600121249953, 0.5154130057689085]","[0.0750809457291749, 0.024158476818711805, 0.08165070356885798]","[0.17661548245394137, 0.08072296007556844, 0.15349223654713154]","[0.061404334660134265, 0.02980030518558853, 0.04487879717316798]","[0.3308231902655916, 0.7627970825675945, 0.45681438381213174]","[0.0683621351973289, 0.0225526704878396, 0.0755679500400313]","[0.7661163001632945, 0.8481804466971405, 0.7684587737517914]","[0.05666367218246082, 0.027179258316260335, 0.040684811747180416]","[0.035867247847691124, 0, 0.04406702678209676]",0.04028647005436766,"[36.65277264519298, 147.83424034091476, 39.43037806932723]","[446.45948323178243, 1820.1318226384435, 539.2435141402575]","[0, 0, 0]","[882, 3364, 1031]"
7b08e810-f3c9-4155-ac11-f45a3a4f8b41_p0_9140,0.40120114382562166,0.05628639942005981,0.06083987104882388,0.02314048912049027,0.021681573061009596,0.4930730766128954,0.031469110666934974,0.03386069417015891,0.01234336302551603,0.008619790739328226,0.45654370189320226,"[0.41081962519843546, 0.16038601130883337, 0.4555256487324272]","[0.05481029975287541, 0.02290087430013124, 0.049654853107973795]","[0.08558954539406088, 0.05711161435345953, 0.119490434487663]","[0.05108611826834013, 0.030881886443867683, 0.05842085284415334]","[0.5665687856627716, 0.7850849531642115, 0.51321968275672]","[0.05195215913949419, 0.021039476759850406, 0.04595432076591022]","[0.8516775509299659, 0.8657349042098518, 0.7971586726697217]","[0.04704166361902512, 0.02803367194040396, 0.05220003803970091]","[0.0555177693888861, 0, 0.05303290761376529]",0.05416978104860947,"[35.496959068549074, 147.8185831680035, 40.62116083819028]","[428.2172567384724, 1794.1785186064524, 496.55907397139663]","[0, 0, 0]","[867, 3309, 1028]"
a85cf239-ff51-46e7-9b88-4c2cb49c66b9_p0_4740,0.4488938968437317,0.45807722819751173,0.19295660343138837,0.032712710971221026,0.10003655838009584,1.0047194538207986,0.03985280179544093,0.02481701932088176,0.009992230253802026,0.012117632066538375,0.97310794555068,"[0.8717900288546823, 0.572906620489696, 0.8464596275273364]","[0.0665171243130212, 0.05605413420811656, 0.08351425126191553]","[0.7916919546380136, 0.5772234231862763, 0.7581974066010626]","[0.029379790997564603, 0.058340179408221005, 0.032175662704125196]","[0.1009948909611298, 0.3754218806173013, 0.12461687073764235]","[0.05483606161357199, 0.048702366658862434, 0.06802321415507515]","[0.16990633428885954, 0.36272130008164916, 0.20168511043814155]","[0.023571762517003825, 0.050234867563173, 0.026721832436042633]","[0.028506029469142834, 0, 0.033192817993468376]",0.03136503089169552,"[47.94596408494788, 79.4080990867311, 82.8244538027178]","[1006.5950591823337, 1405.530336438694, 1556.9165757474793]","[0, 0, 0]","[1815, 2579, 2839]"
a85cf239-ff51-46e7-9b88-4c2cb49c66b9_p0_5240,0.45406581722544315,0.44787531520557866,0.1903258710783468,0.017753604663207134,0.09784303033775366,0.958740446108139,0.05374951893578839,0.028445161023319177,0.007905158930719192,0.01198463608990985,0.9288286223358392,"[0.8463494012535067, 0.49299113552883206, 0.8199298499198265]","[0.08573393199287582, 0.05325392165527082, 0.09201448544813462]","[0.7369398683736068, 0.504335884273514, 0.7048478251986963]","[0.030401821317825595, 0.05682775128329387, 0.0312110603178275]","[0.12828037853756363, 0.4477693440488113, 0.15277196928491915]","[0.07417608665059511, 0.04568490393226654, 0.07533133784146559]","[0.21738066800262054, 0.43203773997496725, 0.25003511261846856]","[0.024562281606789665, 0.04956163156252352, 0.02610427769937204]","[0.02692611191573134, 0, 0.03152501209417379]",0.029736111164177247,"[45.97401710916263, 81.09987515853449, 81.31341942019164]","[1022.2747836326822, 1398.6251548297794, 1597.6492739107007]","[0, 0, 0]","[1808, 2569, 2840]"
a85cf239-ff51-46e7-9b88-4c2cb49c66b9_p0_5740,0.418354558033616,0.3076822535495881,0.14336172010352233,0.03643054431713444,0.05715876390584257,0.9300639260618863,0.04856290266913743,0.029797544017600486,0.010122608811591549,0.01398329900953832,0.8898321429214614,"[0.8113750804897855, 0.46436262691361496, 0.7761427261506091]","[0.08027996617773347, 0.05404777014101361, 0.0786404409324139]","[0.6930104822923898, 0.43721639686664493, 0.6625760685109323]","[0.035761990935247734, 0.058401661366014546, 0.035976627741035216]","[0.16477171588583744, 0.472867079371871, 0.19216099170162843]","[0.06851909839856016, 0.046244151682040574, 0.06488634686689264]","[0.25893262639022935, 0.4928165711217936, 0.2898477980090148]","[0.02958759119551295, 0.050567720563628876, 0.030312555328905394]","[0.02963211077650774, 0, 0.03520295879344983]",0.03304817407347679,"[46.59268139923296, 78.96028848689579, 83.84282686099759]","[1005.6724560316064, 1362.9063086249405, 1587.3875921157921]","[0, 0, 0]","[1787, 2566, 2833]"
a85cf239-ff51-46e7-9b88-4c2cb49c66b9_p0_6240,0.3960373592687572,0.12534491382234308,0.1207020121097992,0.05092777633062723,0.049667664062508055,0.8995975640089502,0.022924910655165442,0.024615389473633065,0.008296839985339255,0.009914549401893069,0.8538281415022487,"[0.7792504252194525, 0.43160590776791624, 0.7374483516357295]","[0.04171275941468555, 0.04899436908561666, 0.041141751011838035]","[0.6509465466619634, 0.37253923153274554, 0.6279691232168504]","[0.041094677426351645, 0.04181229337724621, 0.04022800531601173]","[0.19357101223423193, 0.5052568974004814, 0.22767927151307144]","[0.035624798089515644, 0.04251593756950611, 0.03432614507132711]","[0.30173228740825425, 0.5521874537911683, 0.32552002577225025]","[0.03489527145589383, 0.036227123898272706, 0.03451847609148681]","[0.030778006842018896, 0, 0.03770916649190208]",0.03504613401763032,"[47.66055497348111, 77.81756327381277, 85.22988292144906]","[996.9378133134883, 1374.2688221877836, 1586.2792013589392]","[0, 0, 0]","[1757, 2559, 2816]"
a85cf239-ff51-46e7-9b88-4c2cb49c66b9_p0_6740,0.40710236407588013,0.12969719939394025,0.13047184659096134,0.045171834716172254,0.05428696881868583,0.8734069323406249,0.03355692331233151,0.036185922967927,0.012249919523304897,0.010560733149647006,0.8104341898521453,"[0.749418617760975, 0.4049244674473655, 0.711816774500261]","[0.04840533129392621, 0.04959198408375495, 0.050072931853404556]","[0.590672576676097, 0.3146279120811166, 0.5938003611402503]","[0.03969912881733195, 0.04401942250270152, 0.03879615570541628]","[0.22166311480410106, 0.5275242253569704, 0.2555809304008317]","[0.041133813150498494, 0.04247301281652474, 0.04253667535922191]","[0.3613700985990642, 0.6065941875108889, 0.3598778707077072]","[0.03422559812059289, 0.03819162680458443, 0.03381280200581277]","[0.030547513611990776, 0, 0.03905699059870483]",0.03580540183142385,"[48.30014936806394, 77.2096819188654, 85.4862930259892]","[978.0646459878142, 1393.723879627552, 1568.6184103821513]","[0, 0, 0]","[1739, 2536, 2812]"
a85cf239-ff51-46e7-9b88-4c2cb49c66b9_p0_7240,0.3063847566877991,0.11727571523480651,0.1555364427521454,0.04419576768116562,0.04895144959117431,0.821071883453623,0.03803134072089409,0.033763246655567514,0.009703450905954702,0.011060203796958712,0.7634701003273063,"[0.6182021959018783, 0.3692230481579433, 0.6590566798200088]","[0.04300886237404267, 0.05941528600739682, 0.04429173578657092]","[0.50066645746095, 0.2707780665163233, 0.5631752682160263]","[0.05106302689587369, 0.032765781477651426, 0.049603282267675686]","[0.3525902232330179, 0.5571976151452066, 0.30636613809400004]","[0.03771286719818567, 0.051140318695777814, 0.03842748921999431]","[0.45068534181859865, 0.6476907885837688, 0.39197438284776864]","[0.045146216031667186, 0.028503404701327062, 0.043885634643887755]","[0.03883962006268905, 0, 0.04381038148109715]",0.04191387529776738,"[47.9762018595797, 74.36610531423364, 86.8091812384257]","[971.5702818425806, 1374.536983186241, 1557.0890221749532]","[0, 0, 0]","[1723, 2512, 2793]"
a85cf239-ff51-46e7-9b88-4c2cb49c66b9_p0_7740,0.25842579707074337,0.11813887918807398,0.10393833973788344,0.04809548155802906,0.039660053561271114,0.7426927446091295,0.04038765152385093,0.046482059002209364,0.013460027144095776,0.01579439033212282,0.6971595424888554,"[0.42966717075926164, 0.32750432284755204, 0.598391355673427]","[0.05016107038022374, 0.05279685688972194, 0.050408426227618985]","[0.35900119772983596, 0.22296241461570407, 0.4956590996073529]","[0.04162889939646908, 0.02907628673497449, 0.045459974156587174]","[0.5350594787179791, 0.5962618260942631, 0.36121905430030443]","[0.04508301617964569, 0.046084468785094146, 0.043784330179249514]","[0.5902300984146636, 0.6923073310854935, 0.4552374313708214]","[0.03769083881375951, 0.02537328401606226, 0.0403950376188594]","[0.04557292768956866, 0, 0.04527139689219645]",0.0453857636957432,"[47.59629493938209, 69.72110750947739, 86.46050728792838]","[951.8248370182519, 1300.4915848656728, 1522.3974207368196]","[0, 0, 0]","[1703, 2481, 2787]"
a85cf239-ff51-46e7-9b88-4c2cb49c66b9_p0_8240,0.25822936274509123,0.11674437504987578,0.0932220894804135,0.038271864792646104,0.032782123341387914,0.6662003669889655,0.04259368041163136,0.04416213181231876,0.016516471390128573,0.016987509337538564,0.61881343592207,"[0.2855310909679592, 0.2884883030873101, 0.5501277003872242]","[0.04015122613904448, 0.05285493935992913, 0.04886466917516574]","[0.21649912749187927, 0.1833636130986526, 0.4304780104165716]","[0.03854285771658865, 0.026850391333595888, 0.05724501924642145]","[0.6743539234162358, 0.6333596146008219, 0.4080219473994797]","[0.036137925313970753, 0.0456598952195883, 0.0428388653510042]","[0.7339401979772346, 0.7295645883299043, 0.5167460044084714]","[0.035743582839367516, 0.023538267763623666, 0.051094393592279685]","[0.045769659221139555, 0, 0.04495420487369617]",0.045260869901080046,"[49.44514476831617, 67.22784531045774, 88.78158038234328]","[998.3966455098184, 1285.2076071400093, 1567.3485670499476]","[0, 0, 0]","[1675, 2453, 2779]"
a85cf239-ff51-46e7-9b88-4c2cb49c66b9_p0_8740,0.2819766535244152,0.09845834180701823,0.07604173713392881,0.03346827437161631,0.030085868174300756,0.6074673849597046,0.04368099389371771,0.045902955594367856,0.015089290934319988,0.011471540540240799,0.5398630371414576,"[0.20302123967828994, 0.24919187407594104, 0.5385555299954025]","[0.035111196946279954, 0.04402198189772984, 0.04951792718821832]","[0.11714193962564157, 0.15031351065538895, 0.39599162255581816]","[0.020668088487653828, 0.03334463282813327, 0.047826380194331664]","[0.7592323122034229, 0.6656922579149674, 0.4198276640347152]","[0.03180796964452809, 0.03745085088061362, 0.04322379753454603]","[0.8326863681134238, 0.7592189316314358, 0.5507814140204372]","[0.01938933106455787, 0.02899512607326099, 0.04281187964168526]","[0.044040587832840705, 0, 0.04468646232527404]",0.04444498935726211,"[46.86702277534297, 68.70325687557279, 90.01608757102817]","[973.5594179102118, 1259.615208043234, 1540.3736036375192]","[0, 0, 0]","[1654, 2424, 2770]"
d8fbb398-d1da-4444-984a-22c8523625da_p0_2800,0.34208674927249144,0.11726908084887178,0.1164759233555879,0.03605592485974235,0.038361312131356295,1.1314083900549017,0.013191961261813212,0.011943284683308963,0.004380641569510901,0.004156787659119088,1.1086963622737023,"[0.8403852837597072, 0.8699145256159458, 0.8182185606455588]","[0.020440327433332295, 0.03459353329958553, 0.021831459206111792]","[0.7996568304543417, 0.8644263301809252, 0.7420326064498605]","[0.023531206533641047, 0.0369644459942291, 0.030371303382290105]","[0.13138322647973988, 0.08707374970627191, 0.1544406958272426]","[0.016714471450159807, 0.029214767888233944, 0.018435617531776874]","[0.16031289618304306, 0.09612734437061471, 0.21663597010442234]","[0.019492307051572927, 0.03178814878879204, 0.02508160465419225]","[0.04983146721573388, 0, 0.04280565268909155]",0.04559707594854276,"[87.16686438758656, 146.49391356775777, 131.85866736696892]","[1436.034363574833, 2228.3379645421824, 2200.4198565899023]","[0, 0, 0]","[2540, 4245, 3853]"
d8fbb398-d1da-4444-984a-22c8523625da_p0_3300,0.46870868749126954,0.12705015609628095,0.09911240861760229,0.04071010344111331,0.04554638116521076,1.097264695811505,0.01758681765305825,0.01251042097428079,0.0050584866078808854,0.005792963316005428,1.0619161065296017,"[0.813437057974571, 0.8149399865471455, 0.7993669636617231]","[0.028875813286743657, 0.0369210439954783, 0.03140657362786875]","[0.7152945351735049, 0.7889033872016092, 0.6855839162216847]","[0.027059331383956386, 0.04706656202548237, 0.029508926688735504]","[0.15677539010922203, 0.14683418867130066, 0.17270563635975178]","[0.024445708787603188, 0.032949397650503094, 0.026684235185117783]","[0.2322766923474342, 0.16538606893594388, 0.26765817412452914]","[0.022127770582805448, 0.041474284593296024, 0.024870896785130714]","[0.0404734293961321, 0, 0.038732138025167374]",0.039425972295113236,"[86.58905820667219, 144.0290195390462, 131.361600593064]","[1444.9771179714235, 2154.1199672196344, 2190.4511307583975]","[0, 0, 0]","[2535, 4154, 3827]"
d8fbb398-d1da-4444-984a-22c8523625da_p0_3800,0.48385014808687243,0.1272517560833598,0.11844060185675553,0.041569203723574644,0.03725700665701076,1.0609983585439888,0.01691778419187595,0.013916833735113876,0.0060204264898473525,0.00642592374329598,1.0134510559070422,"[0.7875003603756648, 0.7404128293283498, 0.7814271029687113]","[0.03913532629887878, 0.0415594097840129, 0.03571218901612738]","[0.6619908501197854, 0.7019698157509078, 0.6605888956285872]","[0.03377373498650976, 0.05812060305031064, 0.03327456997394557]","[0.17753405669689531, 0.2187578424833746, 0.18679804382416773]","[0.033016899271886585, 0.03674200402721062, 0.02991204666822199]","[0.2814260295836334, 0.2471094018044639, 0.28933759831600825]","[0.028101800494224366, 0.051312093652090454, 0.02789174324682009]","[0.03787858018311804, 0, 0.039326731480437596]",0.03875107459211086,"[86.1630011843654, 143.1634532368794, 131.90570779665074]","[1437.196689814378, 2121.801219506731, 2169.4057089644252]","[0, 0, 0]","[2492, 4078, 3777]"
d8fbb398-d1da-4444-984a-22c8523625da_p0_4300,0.4380941876116545,0.11963434366548847,0.08431185706740557,0.026821870373821444,0.03502262888275881,1.0201433832701625,0.019884231021527476,0.02227038623856381,0.009048692749725085,0.010497908282149915,0.9708518690239704,"[0.756055854652266, 0.6624000065184642, 0.7507136435098615]","[0.03642073079433211, 0.04812441098890008, 0.030936126514525153]","[0.6239184295272673, 0.5983295763111109, 0.6372676287034543]","[0.03382276975231113, 0.04660248727715366, 0.031344802383706405]","[0.20582793906590374, 0.2882282807323999, 0.21323278957921782]","[0.030445668469360504, 0.04369274059720919, 0.02572038941616414]","[0.30993380539026555, 0.340272043154641, 0.30792409141094923]","[0.027650562818507196, 0.04081886436066057, 0.026063602525952606]","[0.03937992774589371, 0, 0.04181325751259264]",0.040845679835682075,"[85.65883644483343, 138.11050580044798, 131.34558702593267]","[1445.6430143874577, 2116.691718219225, 2177.625403645828]","[0, 0, 0]","[2455, 4023, 3719]"
d8fbb398-d1da-4444-984a-22c8523625da_p0_4800,0.41015396465655607,0.08314826775189899,0.09600647546910718,0.041382219002194465,0.03300075574960287,0.9827792392389902,0.02262244890886045,0.021902033362381723,0.008491379742244565,0.008985579580041425,0.916769790245059,"[0.7420810520354729, 0.5925833222091313, 0.7297129505150645]","[0.03820100342427868, 0.04468460205572555, 0.03268280995124112]","[0.6230685102020507, 0.49477712262467305, 0.6234393927437669]","[0.04210758438116785, 0.045835374712817845, 0.03905940547644943]","[0.21659349177891277, 0.35836512293949696, 0.23140437707577244]","[0.031538652232554504, 0.03831145010108328, 0.027424151292958818]","[0.3144837163431418, 0.43490719392208144, 0.3197233903662182]","[0.03484496625828587, 0.03913793254361708, 0.032313217342667094]","[0.043169532589004904, 0, 0.04529782192989175]",0.0444655834955263,"[86.41200272562563, 136.83674835382658, 133.6547976391647]","[1380.3891523856628, 2056.2066240151967, 2138.680314063824]","[0, 0, 0]","[2347, 4036, 3655]"
d8fbb398-d1da-4444-984a-22c8523625da_p0_5300,0.34644578490129496,0.10229478112457929,0.08675934270659219,0.02352917102039348,0.03569909622780543,0.9026828054844682,0.026565935815628716,0.025136857169873905,0.0081008086330987,0.008900502554814449,0.8378108924528618,"[0.7149412007564345, 0.4585242069023303, 0.6937843793417678]","[0.03705412291625876, 0.04086437658165734, 0.033717504028618006]","[0.5979047076823423, 0.36997314421539435, 0.5953408933828759]","[0.03920978845380052, 0.0427487925154679, 0.03622160036216415]","[0.2507121943777326, 0.47864400872431995, 0.2705539130903908]","[0.031434248394196534, 0.034305800134767445, 0.02899458910511224]","[0.33466240047462525, 0.54840098459885, 0.3482973948042777]","[0.032091261541802446, 0.036330371598616074, 0.030254679876728502]","[0.04518579829528118, 0, 0.04746377233986229]",0.046581370306109704,"[82.86111063025258, 137.33135733440696, 131.13124270612565]","[1376.2327655928734, 2085.087537602466, 2150.1282214461426]","[0, 0, 0]","[2256, 4068, 3568]"
d8fbb398-d1da-4444-984a-22c8523625da_p0_5800,0.2453551304966172,0.0693640869283346,0.08200549887793185,0.03494566396779594,0.030123596816779147,0.8002881467047144,0.023515246121823652,0.025270402029574646,0.008285836918170086,0.009768888632294637,0.740784815430632,"[0.6346033489112088, 0.33998543970258893, 0.6333664201386964]","[0.03769024025294326, 0.03223601591259123, 0.03335739672648391]","[0.5488399868058447, 0.27768045154887394, 0.5592808814192249]","[0.034300128678951214, 0.0349970267782546, 0.032639891896336704]","[0.32688909472314703, 0.586388297630209, 0.32662279691531965]","[0.03244821213485877, 0.027177858349587913, 0.028823661952575602]","[0.38995840691896994, 0.63339758124346, 0.38471735304240384]","[0.028938157778833407, 0.02987740474087336, 0.02766992351354522]","[0.051488578896230965, 0, 0.05198061076984407]",0.05179445783580367,"[82.27149754076659, 136.31719745212615, 132.5921329909661]","[1341.2365013702376, 2015.9494279880219, 2168.7758056744815]","[0, 0, 0]","[2127, 4028, 3495]"
d8fbb398-d1da-4444-984a-22c8523625da_p0_6300,0.114143577724067,0.0792900652568502,0.09910335529418493,0.033230268612612635,0.03288216694524586,0.6726231305882611,0.024337135424151057,0.027500421858399182,0.009809429668695357,0.010353835630998454,0.6241234641169318,"[0.47138201641711647, 0.2447870478087905, 0.5505905610153886]","[0.03792047584390759, 0.023895337051263524, 0.034335578984633686]","[0.4356405680610081, 0.2046267290515306, 0.5138256563240956]","[0.03829898086551842, 0.028661217445915155, 0.037982083723114485]","[0.4972218744435453, 0.6811005312879136, 0.4087944144075214]","[0.03534161506070238, 0.020448780166720304, 0.030358320465541766]","[0.5126605176519464, 0.7007067452805923, 0.4302752248543355]","[0.0343842976681302, 0.02466576859381664, 0.032717210285148846]","[0.05832901043103366, 0, 0.0565981606983989]",0.057234656493754595,"[78.33251518587572, 131.6538050485163, 130.39400576956064]","[1305.8277385758574, 2020.7817008588743, 2194.444016984277]","[0, 0, 0]","[2006, 3976, 3449]"
d8fbb398-d1da-4444-984a-22c8523625da_p0_6800,0.05888279369358685,0.08351585031706041,0.10109645297079772,0.02994838183548571,0.024139844140617733,0.5333608431482703,0.031728611140104834,0.03172266533148649,0.009338085253009276,0.010760213579878886,0.5011072798056897,"[0.32649866982536174, 0.15639964203547788, 0.46729727817866973]","[0.03355399042897028, 0.020096248085597263, 0.03445720620158857]","[0.28597482831847965, 0.14545364403819497, 0.45541314917960596]","[0.04094949639291842, 0.02542822235576854, 0.047200678931180906]","[0.6422227769799278, 0.7596803771218932, 0.4925715084407537]","[0.03181814642862918, 0.017258651858223284, 0.031157285126465095]","[0.6739130225732951, 0.7558739635949558, 0.4900090708368442]","[0.03840031437516994, 0.02191925980380449, 0.04142679530083801]","[0.05805229527113307, 0, 0.05902202983811884]",0.058674541618282276,"[74.705984038263, 131.75356344518087, 126.41833876152118]","[1231.1861364126892, 1924.4513074620834, 2161.0997157759703]","[0, 0, 0]","[1892, 3891, 3388]"
ea43434b-197e-48ac-ae2e-46bc7f3776de_p0_5600,0.6220882373297753,0.40374981394410725,0.14162514298415868,0.021335336526785098,0.0750208848612457,1.035979978468541,0.081427321354127,0.04147520867487031,0.007345629854565328,0.01774286783001844,0.9684632736032779,"[0.8055016053631224, 0.6971995003805145, 0.8357320068731591]","[0.11653893296186035, 0.1783248151959949, 0.09421144837347706]","[0.646531436576106, 0.4947334848158711, 0.6265456678505541]","[0.03733398705556901, 0.05647598896133138, 0.03794455604823693]","[0.18833666564735224, 0.2829965353227788, 0.155191699197471]","[0.11237597392938829, 0.16794215537882234, 0.0883865507673075]","[0.33575116314592696, 0.4717305959915219, 0.34851239517753385]","[0.03529458649459444, 0.053111554994633436, 0.03563883512086782]","[0.02241890978665758, 0, 0.019997411078253]",0.02123161540567831,"[78.70746531959328, 92.29837936478489, 85.66727936737966]","[1999.2075310588814, 2506.748647523946, 1929.1761791287138]","[0, 0, 0]","[3394, 4604, 3265]"
ea43434b-197e-48ac-ae2e-46bc7f3776de_p0_6100,0.5675298397553563,0.12118938246920796,0.12867412200593747,0.04713445268677219,0.044751859036784136,1.011809997896148,0.09499800970103434,0.05025670780036884,0.003241195359784843,0.023129489804914805,0.9276097362824146,"[0.7417367636875292, 0.6868829580851878, 0.7952729767950761]","[0.04281431906220834, 0.18504213714196244, 0.03266595697377894]","[0.5842502870640971, 0.44953196576204957, 0.5922666681603478]","[0.03941196432750932, 0.05747958051672808, 0.03729965944125335]","[0.24962834493226016, 0.2928410455197598, 0.19475467664247248]","[0.0412261716608308, 0.17440019436974774, 0.031110547809610242]","[0.3985097879386737, 0.5146378664844842, 0.38109578864051336]","[0.03771761258884801, 0.054251743257484136, 0.034931222923930666]","[0.025362613285897857, 0, 0.023482013432933324]",0.02443762122677466,"[81.21259764752769, 89.40584099433663, 89.19023713683927]","[2013.8234093631065, 2455.3520254368837, 1947.4354280453547]","[0, 0, 0]","[3371, 4583, 3263]"
ea43434b-197e-48ac-ae2e-46bc7f3776de_p0_6600,0.6035880686833596,0.19091934108433506,0.12188104472235517,0.03325261879488661,0.05641897566909859,0.9895075697794897,0.1136750916795175,0.051549478358144385,0.002627522875149224,0.030342138120105222,0.8849111670495056,"[0.7275645132797622, 0.6552154158819303, 0.765090248107246]","[0.05643750537750725, 0.19787001566639723, 0.0459045099517405]","[0.523125428003185, 0.38282442411367335, 0.5416513583494981]","[0.03696907153736398, 0.05531732099209649, 0.03408239540355901]","[0.26062983327507516, 0.3220978496161767, 0.22072536527582418]","[0.05370052838871493, 0.1843724122973781, 0.04297580322379713]","[0.45640261319493985, 0.5772612240887125, 0.4270053655004829]","[0.03529830137490486, 0.05192779922260826, 0.031716083019441565]","[0.023643760878206157, 0, 0.0243203707026224]",0.023977518269316777,"[81.92972514899957, 88.64548210271009, 90.56385403600527]","[1992.5631246747291, 2455.8699375584897, 1935.5201901782948]","[0, 0, 0]","[3355, 4562, 3266]"
ea43434b-197e-48ac-ae2e-46bc7f3776de_p0_7100,0.5501922219907073,0.09462903535660816,0.11398744435372643,0.0332565746068465,0.038408242920784486,0.9400759947585473,0.12832992058241488,0.04802719862949367,0.0066338413912420124,0.020459045330278647,0.8455007080933999,"[0.6870555340905072, 0.5724094369679701, 0.7308528139559063]","[0.068109213473243, 0.22749253477714515, 0.05473927340997642]","[0.4925789033518915, 0.33008842784709835, 0.511539764750605]","[0.04559208032530812, 0.0488951140458454, 0.041641886085864305]","[0.2934927403894281, 0.40274854929447623, 0.2554966958605078]","[0.06344888842685562, 0.21336756517203156, 0.05177793017245154]","[0.48346475521122734, 0.6255744865103413, 0.4538456112512344]","[0.04340657215439525, 0.04536888857108562, 0.03851265211596225]","[0.025497554027076413, 0, 0.026434972083543694]",0.025962072445722878,"[82.11372124089506, 88.30215177686355, 90.11755949433298]","[1966.0002956818169, 2425.411364529095, 1927.5691912409748]","[0, 0, 0]","[3329, 4540, 3270]"
ea43434b-197e-48ac-ae2e-46bc7f3776de_p0_7600,0.5424815709312554,0.12457807251733621,0.10269921939146415,0.030114339587026362,0.03898723567096862,0.9005503654694056,0.04585015789074298,0.04101345614051566,0.010987367345533516,0.02079367699942214,0.8099496634001889,"[0.6835619269398104, 0.4959931766420448, 0.7189277147379707]","[0.06100352960723171, 0.07671965516325366, 0.0492428262235457]","[0.46848314943600533, 0.2857370500344644, 0.490512930575867]","[0.04598521486967838, 0.04281768734451456, 0.04239613724622204]","[0.29779059498256216, 0.47689864445017127, 0.26854675513571263]","[0.05728269282773574, 0.07229860010214495, 0.04709335073634793]","[0.5032978466208449, 0.6655041237918223, 0.4736572312303223]","[0.0434089484493487, 0.03965416002830208, 0.03927329338803895]","[0.024454061010343277, 0, 0.026503506352298815]",0.025472204905383856,"[80.13544933329204, 90.15099586728542, 89.44567070126395]","[1946.0245193882865, 2448.126194494114, 1919.1078838634462]","[0, 0, 0]","[3292, 4511, 3250]"
ea43434b-197e-48ac-ae2e-46bc7f3776de_p0_8100,0.5366976573995748,0.09029635873807718,0.10620265775487014,0.042475830772613965,0.03845537968802154,0.8651012228627234,0.048829684750891444,0.03459004990990788,0.010794725590768661,0.014409641929653105,0.783769653118157,"[0.6841047860546356, 0.43443457736850405, 0.7015614119799359]","[0.061366244785583, 0.06162024245503675, 0.05021083817409361]","[0.43789026955381743, 0.2536219006758204, 0.47105603351792574]","[0.05101398239524457, 0.0390613500040224, 0.04792613000503007]","[0.30086577811681686, 0.5346385990039475, 0.28466482732481035]","[0.058010243119087826, 0.05796362402112057, 0.047536990843710936]","[0.5280925123947321, 0.6934828045519731, 0.49083997177121896]","[0.04771490582316751, 0.03606137834367046, 0.04427071027847368]","[0.022653011381887175, 0, 0.026722072465519324]",0.024684087712257042,"[75.5254799546564, 91.62896574553379, 86.80840601875875]","[1905.5773245241057, 2434.6569523921457, 1889.1269328494109]","[0, 0, 0]","[3245, 4465, 3234]"
ea43434b-197e-48ac-ae2e-46bc7f3776de_p0_8600,0.47397273280309443,0.10265850272228444,0.10505117941959197,0.03984754982440036,0.031176768088984674,0.8216866657559262,0.047409110599992865,0.04158029111790251,0.01471698001144861,0.016150012212074016,0.743191185664357,"[0.597728917341738, 0.40068833841406787, 0.6697271569538354]","[0.05666697696987305, 0.07357626558042507, 0.04677911568844806]","[0.39171433322206317, 0.2295108194365635, 0.4503643327847427]","[0.046676604942758965, 0.04111900637397749, 0.04529437353219698]","[0.37691670571895225, 0.5650274561732328, 0.3135331325235305]","[0.05243752657937678, 0.06865973017127566, 0.04401586379257255]","[0.5697186894462326, 0.7148808298575655, 0.5095978790286757]","[0.043491801150912446, 0.03782237912170128, 0.0417670981573329]","[0.026911347763231723, 0, 0.02897974129000331]",0.027949743326718703,"[75.30845336878018, 91.16819952495308, 87.27817189626123]","[1859.9975975796829, 2405.798525761589, 1860.2555638745844]","[0, 0, 0]","[3189, 4402, 3215]"
ea43434b-197e-48ac-ae2e-46bc7f3776de_p0_9100,0.44368729792605793,0.10811828100674165,0.08570105865910194,0.025967153630830575,0.030672258833363275,0.7754008742153282,0.0455179899742012,0.04094477028954291,0.014826196736459907,0.014947646715988694,0.6860149952472447,"[0.47725830304995903, 0.38122773174150576, 0.6608002337034279]","[0.06415976427185796, 0.0692186419158026, 0.053850959109376095]","[0.29410922080009344, 0.20886253359292337, 0.43019994753725194]","[0.03901754242497704, 0.031868550244755975, 0.04403818153287986]","[0.5065976621667247, 0.5823525227824561, 0.3239167986657127]","[0.061349520844109134, 0.06454606264402885, 0.050722408070922126]","[0.6666660114893476, 0.733281539389671, 0.5275339666459139]","[0.03671655956834341, 0.029303215709657604, 0.04052266612201835]","[0.029896349829450764, 0, 0.029781500648214006]",0.02983813235843502,"[71.16168002999831, 90.1723049692905, 88.06060967357378]","[1815.968621515792, 2349.4174906496983, 1821.365506449182]","[0, 0, 0]","[3107, 4332, 3194]"
ea43434b-197e-48ac-ae2e-46bc7f3776de_p0_9600,0.3117516875051371,0.1052873694051536,0.082438210556565,0.03686278957561889,0.04169278774130125,0.6378682199346932,0.05312583862850473,0.043888449779109884,0.019265293368148195,0.02072042071789515,0.5709366607107428,"[0.18730092861711356, 0.3313936622089543, 0.6144939009126114]","[0.036394394152562445, 0.06771339690575295, 0.051209929456882075]","[0.13304747587749435, 0.18628498752628717, 0.4078446594628124]","[0.018873730127411573, 0.03336501004881742, 0.03810878464282105]","[0.7908110008906535, 0.6277838158342478, 0.36800560432443374]","[0.03475322357194077, 0.06284747609081626, 0.04831195017203743]","[0.8273622072585625, 0.7507241968649423, 0.5472904118433839]","[0.01796534125974164, 0.030504909738407637, 0.03500042352810251]","[0.036947226003206365, 0, 0.032696431385685114]",0.034770106697085086,"[70.64457470009616, 89.01753513287473, 88.04885648847089]","[1831.0425824651186, 2321.7890443031897, 1812.6296102774377]","[0, 0, 0]","[3027, 4287, 3178]"
eddfbfb9-3ae8-449b-b870-46062a2571c1_p0_4090,0.8555505617241925,0.17770372082940633,0.12287569105450613,0.0180549851655466,0.05427837290715287,1.116981689038908,0.01698919822635747,0.016410956474838034,0.007279617970755936,0.00697489302547627,1.0765265050899662,"[0.9157385184528131, 0.7606005465449351, 0.8994340206442198]","[0.05270569999130259, 0.04543305083527294, 0.04980784557849405]","[0.7463494469968107, 0.6364725651505716, 0.6274359861931534]","[0.04442985037755964, 0.08170653852443682, 0.0587601311506854]","[0.06824811996326714, 0.2001008509037122, 0.08813984207495212]","[0.04314898486521703, 0.03839896010832965, 0.04160638573464158]","[0.21005988875187864, 0.3084047287924528, 0.3036489373099622]","[0.03587435359707698, 0.06993776091159441, 0.04753605455221627]","[0.03622133128640128, 0, 0.039740955296001544]",0.038060388755846025,"[75.13718538397991, 122.91693232378908, 101.04261869096686]","[673.5886266654472, 802.5842150574135, 740.2157534925469]","[0, 0, 0]","[1792, 2270, 1961]"
eddfbfb9-3ae8-449b-b870-46062a2571c1_p0_4590,0.8964577658501253,0.1000371246426851,0.13168031400017133,0.08243822779876508,0.05999612072253513,1.085007774448684,0.019924318810618402,0.02039118381384042,0.006791307291533988,0.00732953378714174,1.0360724960875027,"[0.9284524506696162, 0.6792591444385753, 0.8992290379564936]","[0.047727771666131624, 0.03801942509785683, 0.0452595364151927]","[0.6800625438033028, 0.5471100749745191, 0.5817385912855414]","[0.06516983069031823, 0.0837732131560297, 0.07221842920707766]","[0.05857393135194559, 0.27416581069487, 0.09189866090918701]","[0.039118836464931424, 0.033584188666780604, 0.0381673629566585]","[0.274909582904707, 0.3926153761879093, 0.34797278333374926]","[0.05518754633251151, 0.07328483011321871, 0.059814256194620136]","[0.02393505204990942, 0, 0.03617127541311019]",0.030336091644077797,"[73.09475585596721, 126.30541441121144, 97.58608752192711]","[658.0980671095875, 804.0755055283886, 720.754273531354]","[0, 0, 0]","[1784, 2269, 1957]"
eddfbfb9-3ae8-449b-b870-46062a2571c1_p0_5090,0.8238731273191976,0.15217289203433593,0.08100755765783163,0.024739352317939223,0.04212075844177354,1.0490536015871648,0.020587822187833282,0.0192508340139943,0.008157406034560166,0.006911165662109919,0.9907446562084392,"[0.8812871235659052, 0.636191450370657, 0.849226225806783]","[0.053573593529192, 0.041662422099588925, 0.05753849023748381]","[0.6101177549632536, 0.4953545465394182, 0.531393022319132]","[0.056528367068776175, 0.08609541026128079, 0.057473477887808794]","[0.09748047080292954, 0.31675624026620663, 0.13722059847956788]","[0.04388319792642402, 0.0366851723786103, 0.049990543219165205]","[0.33894179938392033, 0.4418936171898563, 0.3954309065740657]","[0.04905251251755857, 0.0756770247525726, 0.048526893551834926]","[0.03303613422589114, 0, 0.048101574916958524]",0.0409115274485164,"[76.27959441573267, 124.12879590342702, 101.03471390323477]","[675.6262986668896, 769.359219526438, 741.1320935568701]","[0, 0, 0]","[1773, 2279, 1942]"
eddfbfb9-3ae8-449b-b870-46062a2571c1_p0_5590,0.7095300010532759,0.14216027501474005,0.09229911629632137,0.02639044655579359,0.0407287647154857,0.9874928424837266,0.03441203537537918,0.017148961084867964,0.005451398911790695,0.008366945701126727,0.9303583620539342,"[0.8211763406268551, 0.5442610816681618, 0.7990837710327469]","[0.05353790419102411, 0.037894219262081974, 0.0610617773623498]","[0.5638986059102956, 0.4117293131689157, 0.5121463554869989]","[0.06277710533871778, 0.06491295051512774, 0.06108786806592004]","[0.15185464223058687, 0.40288062770014427, 0.18388101360165482]","[0.044581388263003605, 0.033430220177424086, 0.054022420738090604]","[0.3834192109940121, 0.520131129543199, 0.41532311007160144]","[0.05451182520086309, 0.05696485729409309, 0.051574700664872186]","[0.04608303846207517, 0, 0.06295890126736228]",0.05495397801978243,"[75.6651238436726, 124.95485898600666, 101.71965324585655]","[657.5117458104713, 797.2863407554329, 723.4328660783126]","[0, 0, 0]","[1747, 2265, 1936]"
eddfbfb9-3ae8-449b-b870-46062a2571c1_p0_6090,0.6083495332428214,0.08139619672189591,0.08164169238726271,0.028945131233985788,0.02549152242498476,0.9026600075370815,0.016925917264669632,0.014665370958819146,0.005753150527255446,0.005330829102038082,0.8458187031433662,"[0.7433509537229159, 0.42538260719233567, 0.7592243288548224]","[0.03303861944143527, 0.0286862430026677, 0.029913041654428707]","[0.4991007231796445, 0.32822895404634767, 0.48093763035543957]","[0.06069524806378762, 0.06185162995183377, 0.057914407972146975]","[0.22435479050052767, 0.512661277121494, 0.22113049368372623]","[0.02793602263842361, 0.024708545070377702, 0.026638431577011096]","[0.4478814987081234, 0.5982806145192491, 0.4443233461006033]","[0.05310472047204726, 0.05376723804727668, 0.048821206726735455]","[0.056808500452428995, 0, 0.06902662360929995]",0.06334777763497965,"[73.91863560530057, 126.17208020505751, 104.20171202981439]","[657.2506398608983, 806.5422644572038, 757.3057588018711]","[0, 0, 0]","[1716, 2252, 1976]"
eddfbfb9-3ae8-449b-b870-46062a2571c1_p0_6590,0.5423272719757293,0.05765452465123466,0.07785492420821616,0.025624215856984267,0.023930150680551376,0.8281319849758055,0.01743877749867251,0.015843481767047307,0.005855694513591692,0.006100969922021693,0.7689844374284267,"[0.6765735129219191, 0.3380488707359754, 0.7399569483376063]","[0.043832300048661066, 0.026928666371739934, 0.03657107648411523]","[0.43741566682866634, 0.26481709700749123, 0.4620983660103989]","[0.06475622610825962, 0.05753398091577891, 0.06099563162705271]","[0.2944154815434037, 0.595306054908956, 0.23810102488720727]","[0.038274973137517626, 0.02363916759811835, 0.032829844481707934]","[0.5082335035991536, 0.6581483687155495, 0.4611399434983128]","[0.05745149281926912, 0.05019778146577736, 0.05146444204805195]","[0.06564998881167372, 0, 0.07324918537796109]",0.06974378307679543,"[70.3404306854029, 126.50048700705943, 103.14886646113098]","[626.384133663312, 783.5148670036338, 733.4747102050534]","[0, 0, 0]","[1686, 2225, 1969]"
eddfbfb9-3ae8-449b-b870-46062a2571c1_p0_7090,0.48421506361807537,0.06596028393575976,0.07470226489375592,0.026380574721172,0.021770286845658793,0.7435257395218098,0.022724829168793148,0.02006326280286963,0.007901767771874235,0.007389722641891305,0.6887723816900517,"[0.550443263649334, 0.2707571656931493, 0.6954238374978893]","[0.04130546791895423, 0.022481106777552967, 0.0328062346507616]","[0.33055878373561504, 0.20608330244549244, 0.39851340913669275]","[0.06615456333060266, 0.04470185078322701, 0.06750325979249364]","[0.41540926889089463, 0.6606526098664129, 0.27778524511043123]","[0.03745487084546664, 0.019569323016286833, 0.028974712199950778]","[0.610057017737162, 0.711230027139434, 0.5176492862009682]","[0.05925261224869122, 0.03905439142167039, 0.05685758474268951]","[0.0737222091240378, 0, 0.074084027105657]",0.0739204655523223,"[69.03467149667246, 124.68624152679863, 106.03000961246421]","[642.9601671056487, 768.6632562471227, 774.5756438756698]","[0, 0, 0]","[1650, 2196, 2000]"
eddfbfb9-3ae8-449b-b870-46062a2571c1_p0_7590,0.4326562662094715,0.05609198100432039,0.0699980800210323,0.027774060733423478,0.02202585750107705,0.6561350954781124,0.02026583680380456,0.01730240259244542,0.007232328716636149,0.007617165490305666,0.6096706179709966,"[0.4222494077615566, 0.2101050823017781, 0.6522912723875646]","[0.0402002345435955, 0.01785240886296592, 0.033471365972788714]","[0.2186118065410342, 0.1436227290560462, 0.3475262961291575]","[0.05013390597113422, 0.033571725620305054, 0.06477111036677538]","[0.5413326808062545, 0.7153642758918456, 0.31429516233342353]","[0.03703541889594261, 0.015404655087663421, 0.02946522418934494]","[0.7170983638949554, 0.7652501979729718, 0.5625574818507101]","[0.045289490827603585, 0.029484656026515788, 0.054889488327587055]","[0.08122687975069909, 0, 0.08034006053113422]",0.08073810885840774,"[67.37424341275022, 123.91955812807366, 106.60161929371765]","[629.6499579415139, 798.2533728293797, 745.9370628947867]","[0, 0, 0]","[1619, 2175, 1988]"
eddfbfb9-3ae8-449b-b870-46062a2571c1_p0_8090,0.35957693675218944,0.06183101205450653,0.07468346850906893,0.01911190657760431,0.021149930259358296,0.586379959295218,0.019147319570727683,0.01820993522030634,0.007194631475453073,0.007125789619160883,0.5346352952404257,"[0.32279410299614414, 0.16640021929241905, 0.6353805231407931]","[0.033255089906406965, 0.015733905467700537, 0.030313671271598785]","[0.15868948653575377, 0.12693889641302591, 0.36587288136050766]","[0.045954730687792336, 0.03538859423624261, 0.08220571150983344]","[0.6522947103275876, 0.7517480490654, 0.3310151585579699]","[0.031218600113927186, 0.013325108437665767, 0.026802362196889168]","[0.7779803814378693, 0.7793145742163794, 0.5485397695131337]","[0.041888385776549075, 0.030896867792404137, 0.06956426215706074]","[0.08627420623103693, 0, 0.08714090917562382]",0.0867566278475659,"[62.33980149212778, 126.07157248129006, 107.86286190466639]","[610.4519990251158, 811.7850045849103, 752.8306068400082]","[0, 0, 0]","[1578, 2141, 1981]"
f221cbb5-eefa-187f-e040-11ac0c481708_p0_3600,0.5907621569831615,0.13055904131683116,0.1581251783489534,0.042774842803829816,0.049179617713723034,1.0326788555928323,0.03212932982574235,0.025746041817223064,0.009953868527088128,0.011986142349262208,0.9617454637496102,"[0.7962876206421489, 0.6804432675026638, 0.7171052389098105]","[0.042029131693735344, 0.05596908607594148, 0.05459501120035759]","[0.6959392899200877, 0.564774377380046, 0.4774248385874737]","[0.06107801467492813, 0.07287272526994773, 0.07703935704116255]","[0.1825449005522506, 0.30595817857843965, 0.2693651080715836]","[0.03613862601485934, 0.05263291601108988, 0.05145119855095072]","[0.28332943571222474, 0.41197068180435426, 0.5006399648907007]","[0.0554448591152137, 0.06801610073726114, 0.0730567193951622]","[0.05788283681957908, 0, 0.040669513899421486]",0.04655754849441061,"[44.97002181907732, 106.54495106567903, 73.85784274379587]","[507.15870834856696, 1160.1811498657798, 992.6297060157749]","[0, 0, 0]","[1267, 3240, 2437]"
f221cbb5-eefa-187f-e040-11ac0c481708_p0_4100,0.6552984369657128,0.12365518081486404,0.1280850250357981,0.03015658216106587,0.04225147855456857,0.9383369352027505,0.056610869773426775,0.041856747466253896,0.010716982095488548,0.014742301369547794,0.8247010873850545,"[0.7184703337339583, 0.5471450887427839, 0.6745910579737486]","[0.05499494933729093, 0.05421323976588571, 0.0694995304714538]","[0.478233783383788, 0.3860947844857508, 0.36005985478885355]","[0.055229445005852806, 0.061682376798573746, 0.05356364448611339]","[0.26572195200626686, 0.43714852605448323, 0.310864815953107]","[0.05033497425574371, 0.05168129242815059, 0.0661134543165866]","[0.5005560229991616, 0.5876176153136774, 0.6159229180064677]","[0.05242689732018485, 0.05869751290118197, 0.05128329993612174]","[0.045542374598659355, 0, 0.0367193946341811]",0.03973841105949255,"[44.31924254652588, 105.68972806794032, 72.15970621997317]","[522.640861488508, 1139.5492487446659, 1006.7296970069692]","[0, 0, 0]","[1264, 3229, 2430]"
f221cbb5-eefa-187f-e040-11ac0c481708_p0_4600,0.6418729761640348,0.08819483612201517,0.07684821752196214,0.030602774375505404,0.031248115380718144,0.8172703590804599,0.04774141444073676,0.032488298851379716,0.015298672367347721,0.016962842124471966,0.7055837984366907,"[0.6242228453528359, 0.39909059642571504, 0.6231003680028663]","[0.062383937562584646, 0.05263269710965862, 0.06606978344055037]","[0.2790922158667934, 0.21494910598832948, 0.23894975964075268]","[0.055078404745722925, 0.04581447882532369, 0.05109897021296919]","[0.35744123526603483, 0.5786260075752176, 0.3653224598218444]","[0.05871317927518532, 0.050180508717057204, 0.06370362964003085]","[0.6928159569125806, 0.7512367558345496, 0.731521004979027]","[0.05284831375948823, 0.043801089071741184, 0.04916679167214333]","[0.04142222122757305, 0, 0.03587094671309183]",0.037772730281454246,"[41.56126720466262, 108.45436499021706, 71.50750004286472]","[525.4421593819347, 1190.7357402693767, 1009.819120895223]","[0, 0, 0]","[1259, 3206, 2416]"
f221cbb5-eefa-187f-e040-11ac0c481708_p0_5100,0.6036231238847202,0.16290191757400196,0.07618159282194159,0.014550504589671776,0.026116037476301535,0.7441197260903217,0.07857716729343367,0.04117975103302296,0.01148282739171902,0.01812083332052239,0.6242539033777279,"[0.5773949071980298, 0.32113268191855054, 0.602268041774806]","[0.1484862147629903, 0.04164797727873154, 0.1545670079754931]","[0.21578508558922493, 0.16531564754135247, 0.2025222784545658]","[0.04620763480696467, 0.042358790336869685, 0.04363184931119181]","[0.40197323890884623, 0.650406579567135, 0.38349394913872226]","[0.13946302873245728, 0.0396985709373569, 0.1486516261198672]","[0.7504169469415983, 0.7951767946057771, 0.7625519658279246]","[0.04411142562269171, 0.04063086444102987, 0.041763405836635736]","[0.04253908965107756, 0, 0.03607438147219657]",0.03828119535094407,"[39.91321738120125, 108.82652261853171, 68.55719343743388]","[509.1798330728359, 1157.093806467478, 969.1839848450414]","[0, 0, 0]","[1247, 3174, 2406]"
f221cbb5-eefa-187f-e040-11ac0c481708_p0_5600,0.5380631630919052,0.07991993729688895,0.07859001342922012,0.023598290460950744,0.027156543227427332,0.6648789556562575,0.03517098201490043,0.03937117615992636,0.017088935688906903,0.01449251335290258,0.5616142551350518,"[0.47969814736837063, 0.2662657672696642, 0.5250693370186693]","[0.07549399955000452, 0.03441396706392319, 0.08424493229221208]","[0.1610390695497942, 0.11775463098804863, 0.15781723863890715]","[0.06615377228208028, 0.04916411010761797, 0.06288862307853471]","[0.49436263028556005, 0.696498731290105, 0.45570682580662286]","[0.07102417133309352, 0.03248487279035439, 0.08020842694635655]","[0.7999721502786871, 0.8350356132781136, 0.8026745762355674]","[0.06293006005096052, 0.046693988414685084, 0.059793319136323075]","[0.04987461906772607, 0, 0.042672263734289444]",0.04511891101948511,"[40.441911214669815, 109.2325832409096, 71.99054314186357]","[504.5509304087177, 1135.0630635808454, 964.4102100493114]","[0, 0, 0]","[1227, 3133, 2385]"
f221cbb5-eefa-187f-e040-11ac0c481708_p0_6100,0.49010190313194824,0.06384257392078829,0.06881180305432866,0.026679925442734675,0.02297503321667871,0.6080414577126516,0.047027673625270716,0.0381113300549748,0.014502290151714226,0.014816728734217133,0.5024428182045554,"[0.40347467549420407, 0.2268410799206716, 0.4942931284026879]","[0.057409170452095926, 0.0341564017560404, 0.06529104048707879]","[0.13738565084112725, 0.08972425820550481, 0.14215539875595395]","[0.04868270639774896, 0.03306209854105879, 0.04915502700927386]","[0.5566691715319072, 0.7304033583661638, 0.48200615679755104]","[0.05290918845183154, 0.03202514370843207, 0.06166673181899121]","[0.8131450547375817, 0.8542946227043337, 0.8145811892931428]","[0.04555724846578585, 0.030852116402107443, 0.04634749831422913]","[0.058061515676643874, 0, 0.047634372214588716]",0.051166475916000966,"[40.70159324760648, 105.76391484541065, 73.75203632143413]","[484.0515539280724, 1101.9761664397813, 924.1567577695557]","[0, 0, 0]","[1211, 3092, 2364]"
f221cbb5-eefa-187f-e040-11ac0c481708_p0_6600,0.46814553063348996,0.05691359017934006,0.052314985495368616,0.021416750483408353,0.021798404197132526,0.5516232702265969,0.02664820953429159,0.02908349275467026,0.011977981439522334,0.01378954584999903,0.4482093331026879,"[0.3360767553997748, 0.19210476714867525, 0.46306170192459356]","[0.04805712448273519, 0.025330861514327924, 0.057608553110224114]","[0.09304553502533257, 0.05961070066237144, 0.107645193766444]","[0.04355069525594943, 0.02815379959267612, 0.0474614308281543]","[0.6164153546670412, 0.7511093464497967, 0.5129312476726917]","[0.04448269060250504, 0.023326107129126805, 0.05456409056603859]","[0.8489546204210573, 0.8755312177929366, 0.843511242729933]","[0.04075749820228869, 0.025989411935267326, 0.04464416804436078]","[0.05915458880226678, 0, 0.048146830419945906]",0.05182026589036418,"[39.208988550325174, 105.91174547877115, 73.87399544575794]","[484.4146029287518, 1083.31907400033, 939.3252327678115]","[0, 0, 0]","[1171, 3029, 2338]"
f221cbb5-eefa-187f-e040-11ac0c481708_p0_7100,0.41741781984122306,0.06066318115831665,0.06768654977749927,0.025998047053706175,0.02348170405618666,0.5045194732987095,0.04096613662928916,0.043204636269951746,0.015576585283875954,0.016193482445770735,0.401210021396108,"[0.23452732385953048, 0.17224981945558165, 0.44399177922666455]","[0.03714135865347626, 0.030634103413907016, 0.05705809206894505]","[0.07527867530461785, 0.05898643109145005, 0.10881247328947735]","[0.037048002430834524, 0.03261471879064924, 0.053172151956855776]","[0.7244800653325004, 0.7666481823486645, 0.5276254257395382]","[0.03476595257634202, 0.02783790733329644, 0.053674100732566565]","[0.8568241168226127, 0.8703856940401222, 0.8382753110366203]","[0.034153544638541145, 0.02978264041919415, 0.049690063610447976]","[0.06443148946963412, 0, 0.05122193024003416]",0.05555217807815934,"[34.93990286830715, 101.23112223051228, 72.95071936935797]","[461.64978498293743, 977.2291389684327, 903.2965872419525]","[0, 0, 0]","[1128, 2947, 2313]"
f221cbb5-eefa-187f-e040-11ac0c481708_p0_7600,0.369320307443914,0.047464555149442866,0.06667220882562058,0.02096977223225671,0.018881524232888414,0.43563263363797083,0.03538371247852601,0.03358343027102412,0.009364351896171186,0.010079450870270179,0.3437271521406746,"[0.10238934667781292, 0.14941673712655862, 0.409390139139989]","[0.017368577873346426, 0.025631364499544396, 0.05103387159732234]","[0.038062956035005896, 0.03917178997500241, 0.08650380916502202]","[0.026818603714929334, 0.033403636474332005, 0.06578215539064287]","[0.8433223881113348, 0.7887596602260171, 0.5564220644434797]","[0.01543547589430122, 0.02321858889498646, 0.04759760433347937]","[0.8796482771315194, 0.8797181813647917, 0.8530175081746831]","[0.02402846559311561, 0.03013501180644662, 0.060792907499103266]","[0.07184030110660371, 0, 0.05451842227996296]",0.06006450751852241,"[34.19022220865009, 97.71778890542781, 75.3000175972717]","[458.6861141916519, 990.0463890338132, 907.335561243293]","[0, 0, 0]","[1079, 2861, 2291]"
f393bafe-7503-5c45-e040-11ac0d484511_p0_3800,0.0633452965613741,0.2404712298763368,0.2579686317196535,0.09138531458197173,0.07224007160204737,1.0201431463812736,0.030638469149122383,0.01915966921305423,0.006389367550001079,0.007492519325701386,0.987252796436942,"[0.8415802044859839, 0.7190086602271414, 0.74172113472739]","[0.015494234074347413, 0.06118000798243228, 0.0350796558179326]","[0.7939968657972076, 0.7140037549024383, 0.7460468263701036]","[0.03761499786448819, 0.06435592003939339, 0.0446944368124807]","[0.14257330282434236, 0.24099651251655707, 0.2191357141374971]","[0.01280069743695969, 0.050735736502999035, 0.02803741517704092]","[0.17905475673213578, 0.25503366942380706, 0.22049894368422088]","[0.030796451987929754, 0.05475210458082626, 0.03696733447651705]","[0.07127558611279576, 0, 0.07405169629111176]",0.07355303843066359,"[32.415733719737254, 77.65512788334252, 121.94100206111503]","[366.1107947045879, 966.229822556937, 1655.3559814959146]","[0, 0, 0]","[871, 2588, 3978]"
f393bafe-7503-5c45-e040-11ac0d484511_p0_4300,0.1631909683276327,0.1711167643768342,0.18200023973831417,0.060635449545060005,0.05620666573317212,0.933190278309851,0.02532590221102593,0.01869460800775191,0.008480969829450569,0.009334079723323119,0.878144962003449,"[0.7382446301903479, 0.592072553971618, 0.6522713444854524]","[0.026792904816447194, 0.059224006002838614, 0.03326486659003153]","[0.6569316695983813, 0.5270714198876126, 0.625212599785948]","[0.05009793780811517, 0.05815989317011272, 0.04810969556403888]","[0.24356085425784094, 0.3643919594801384, 0.3016358143761767]","[0.024241947375087156, 0.05065164829266683, 0.02755644719210379]","[0.3091456658085538, 0.43215447223504055, 0.33507077447252287]","[0.0437257068424364, 0.05171504697742857, 0.041252591430820634]","[0.07205869360069608, 0, 0.07027068421362756]",0.07059120417151478,"[32.68675601647226, 76.7569492761016, 127.59030769794538]","[360.180930991079, 988.1253722692053, 1645.8979628749992]","[0, 0, 0]","[873, 2600, 3997]"
f393bafe-7503-5c45-e040-11ac0d484511_p0_4800,0.16382280303204333,0.13894304204345342,0.16505657255098422,0.05957092521913479,0.04853656251316665,0.8432825936471262,0.035173818977431215,0.03166296780668543,0.010853100950693029,0.012381119203112023,0.7866055080855618,"[0.629940265931387, 0.4754070046691179, 0.5771924091554346]","[0.045319507806617476, 0.058258525079548595, 0.04973300369721523]","[0.547229334315392, 0.40298370564210556, 0.5388123093620041]","[0.05041243655693661, 0.05892660675805653, 0.04660068950464438]","[0.3486130050284457, 0.47751830131249207, 0.374354392938181]","[0.04189681881908522, 0.05177674193666945, 0.04248776569821741]","[0.41508665151725893, 0.5517023685309773, 0.41927168494341494]","[0.04553943735911781, 0.05351611088153149, 0.04119468246510993]","[0.07669977987084575, 0, 0.0699457005276519]",0.07115466129787834,"[32.08134019902523, 76.55183322510979, 125.59834693081122]","[354.27121785413016, 999.8338462636224, 1616.1094579923574]","[0, 0, 0]","[871, 2595, 3995]"
f393bafe-7503-5c45-e040-11ac0d484511_p0_5300,0.16253838835343326,0.12181765342942213,0.12779390798679036,0.04806821608492326,0.04638018598651886,0.7729420092314437,0.03244241564524697,0.035967997951992015,0.015608122092032772,0.012844960704079256,0.7036889550833901,"[0.5577894327648653, 0.3941233278721849, 0.5275929926577025]","[0.04739574543278324, 0.0530738315578638, 0.04645443326794971]","[0.4795790045638253, 0.3317372387901878, 0.4823374687552765]","[0.05873529537558286, 0.05730697398632306, 0.05335275778940038]","[0.41842098828992147, 0.5574446350219929, 0.4219537371440517]","[0.044519355423378815, 0.0477253274222183, 0.040043952624761764]","[0.479171590261602, 0.6197236220777445, 0.4751073030900461]","[0.053557682410080076, 0.05226864399839243, 0.047574757291902664]","[0.07867250414781975, 0, 0.06949333219543724]",0.07113375246611214,"[31.79110129747021, 77.50695667908525, 126.23310429218523]","[356.0920971248163, 996.3511431005595, 1626.4516192035546]","[0, 0, 0]","[868, 2585, 3989]"
f393bafe-7503-5c45-e040-11ac0d484511_p0_5800,0.1767690966910723,0.12151885875198185,0.14126384939349404,0.04746455641921704,0.038602652940448456,0.7021319255229729,0.05858199931329333,0.04048998227875911,0.012778688800083482,0.013380270218364076,0.6380147049744122,"[0.48538130229651094, 0.3313372978213026, 0.47042154018483745]","[0.04621786808232839, 0.061006173054989926, 0.04405181069448061]","[0.39834052579385587, 0.2511472275751157, 0.41036470272120695]","[0.059701683748924594, 0.050257620683851645, 0.05297869613396455]","[0.48672253091618745, 0.6209736432072337, 0.4790724080503781]","[0.04345218616275637, 0.05619711805837807, 0.03867121364245593]","[0.5537672739694718, 0.6946672160117038, 0.5425354192205305]","[0.054255731379371064, 0.04568236585102853, 0.04752911761190326]","[0.08018002211180793, 0, 0.06879321850007676]",0.07081827001922514,"[31.60574088070259, 74.64969230964022, 123.69552190770875]","[349.23554563276235, 1000.701974221418, 1599.2178586755172]","[0, 0, 0]","[862, 2567, 3985]"
f393bafe-7503-5c45-e040-11ac0d484511_p0_6300,0.18430867348794208,0.099375186897145,0.12349115734441776,0.03977282160712095,0.04340154293277351,0.6370446165176885,0.029096030654891636,0.03880866971656738,0.011551297349646883,0.00877842110910143,0.5733320181100969,"[0.42642349875739977, 0.26973356836831175, 0.42808394400263317]","[0.04368578662309419, 0.03647831370812063, 0.0425481328826848]","[0.340814311975353, 0.20409402289080283, 0.35831456389876754]","[0.047570806546433475, 0.03775911973638098, 0.04344566770830008]","[0.5416221428833616, 0.6759265623760358, 0.5189195110198238]","[0.04072478250519029, 0.03373740077877174, 0.03737346984749876]","[0.6058270335203447, 0.7370884569735068, 0.5921755027823459]","[0.043298681530233585, 0.03433978754475109, 0.03910372042471827]","[0.08187401588236641, 0, 0.06774002216998896]",0.07023684212498493,"[31.875954893389235, 77.16180218119341, 124.46843850465943]","[350.74788221118183, 974.6291665751149, 1621.5895117164403]","[0, 0, 0]","[852, 2551, 3971]"
f393bafe-7503-5c45-e040-11ac0d484511_p0_6800,0.1773551361987249,0.09650951211727532,0.11865585363102549,0.04292036321730072,0.03434945126587513,0.5674555597611203,0.032076948074976075,0.04028364629330772,0.01407334536607896,0.012913364662829774,0.5167339111270922,"[0.33696560500961203, 0.2257893453912418, 0.37190941854604276]","[0.036379822987815474, 0.037173113245112924, 0.04031566353654001]","[0.2589908156193626, 0.15754924910124887, 0.29924467715926756]","[0.04107260063907289, 0.030867760527227894, 0.04047399936897006]","[0.6238591115165436, 0.712851686820413, 0.5715763891481549]","[0.03383263009346438, 0.03405930961614362, 0.035654927858859486]","[0.6824649978307897, 0.7767693730417632, 0.6464086574071922]","[0.03722285822748006, 0.027894937835847566, 0.036414731550867496]","[0.08562394557896451, 0, 0.06911318306718256]",0.07198760986015419,"[32.160389466539144, 75.94524974140562, 125.91990074771803]","[345.14425905634596, 964.9853482865387, 1618.4345224977785]","[0, 0, 0]","[836, 2535, 3966]"
f393bafe-7503-5c45-e040-11ac0d484511_p0_7300,0.18466385833765764,0.08400941816392848,0.09050051835627537,0.03024815853509083,0.02522179167985303,0.5208863528835866,0.03988093657039882,0.03695224189316593,0.012264732483327156,0.011479470514103252,0.4568537612483191,"[0.25701495336828895, 0.2048999300288986, 0.344315465159984]","[0.03304627667627828, 0.03279662951872757, 0.04120472391208532]","[0.19515519323215486, 0.12422945149058633, 0.2612908894999525]","[0.04796012160166911, 0.03685197163457033, 0.05367700053118607]","[0.6966943174448745, 0.7342350032475693, 0.5973130215877639]","[0.030487720617469072, 0.02994733781674691, 0.036283340301238476]","[0.740248069252809, 0.802517770742347, 0.6813331974869431]","[0.04299262712505347, 0.03303108671637778, 0.04844563128646023]","[0.09025999817765129, 0, 0.07009965431568901]",0.07357077628188043,"[32.22966660956052, 72.61686331616522, 127.60475890530364]","[337.68593912679137, 972.6954956841145, 1603.3286292091268]","[0, 0, 0]","[823, 2519, 3957]"
f393bafe-7503-5c45-e040-11ac0d484511_p0_7800,0.1636466159114445,0.07256783819098658,0.07255028243805606,0.02637697404989492,0.025654470415423375,0.44225103851383096,0.03976636753218432,0.04039430254076276,0.011704505707195612,0.012593201275298782,0.3908366849514114,"[0.1568865866970137, 0.15631131684860727, 0.3045088935565563]","[0.019243926372162296, 0.030610205988536865, 0.03498963829104798]","[0.12352479770877199, 0.09463801096813144, 0.22284332198024]","[0.026449954641025217, 0.020694839271391735, 0.04267233341850281]","[0.7869330491261073, 0.7745560864024533, 0.634880569198393]","[0.01765209253997091, 0.027708715623565472, 0.031077045102126777]","[0.8067576327618212, 0.8242408847777917, 0.7167601010813669]","[0.024041297500687564, 0.01839862765893746, 0.038533854093135755]","[0.09329700764643806, 0, 0.06979469360344943]",0.07375469970221532,"[31.90803830443299, 75.24910145004773, 126.88922094735443]","[335.24455728904155, 970.544581475941, 1618.3014623514962]","[0, 0, 0]","[799, 2502, 3943]"
f393bb08-4121-cad8-e040-11ac0d484535_p0_4590,0.2530063373588878,0.15911240554981704,0.19433446900333146,0.0591739432784294,0.056253450682611894,0.9407272832305458,0.020758100179060768,0.01628578747138054,0.008265462064099172,0.007316729757910423,0.9144156502965756,"[0.9127661395598856, 0.654859013846801, 0.8145464330910305]","[0.013128325881975433, 0.1920595415157924, 0.023609928951334347]","[0.8449575283445366, 0.6637305887555587, 0.7711115667549948]","[0.030138630182045767, 0.19713260265143767, 0.04214511863480519]","[0.07299678609810623, 0.3159852144068998, 0.16119226760090033]","[0.00974839446225672, 0.18497511400698807, 0.02026375206851075]","[0.13291700292847705, 0.30338097158648625, 0.19850940986661808]","[0.024868986773948228, 0.17958617064851712, 0.03660780316326312]","[0.04758476079305915, 0, 0.06394515176739603]",0.060769999280037484,"[50.309582597030214, 16.95389403989999, 191.5660111854846]","[586.2724347982179, 217.85929308344186, 2460.6479236650757]","[0, 0, 0]","[1330, 549, 5523]"
f393bb08-4121-cad8-e040-11ac0d484535_p0_5090,0.3147322109856928,0.14388037876046073,0.14610148819441396,0.04539389973347768,0.04071062926566116,0.9044255933313766,0.02482001019531188,0.02361542150908391,0.008151922550264756,0.009169157978945797,0.8740907921944517,"[0.8565615716202873, 0.5557202998583436, 0.7669460274787521]","[0.02570629144292269, 0.20285324372020874, 0.03428940291661464]","[0.7362760847500305, 0.5573608023531507, 0.6921122698130323]","[0.037098758833656376, 0.19185686248916578, 0.03848943969427154]","[0.12811789878326754, 0.40771498443258575, 0.20574312105963216]","[0.021528355575633443, 0.19722563479003602, 0.029874112732640096]","[0.23539674592664966, 0.4049851989186494, 0.27186581617133776]","[0.03263084502556268, 0.17890020985170613, 0.03416621988138631]","[0.04668890297955136, 0, 0.058809731152090705]",0.05645295271151942,"[50.2493594895011, 17.411414837292035, 192.3252665108143]","[590.7966397336166, 222.50990330977683, 2495.860833736327]","[0, 0, 0]","[1329, 544, 5506]"
f393bb08-4121-cad8-e040-11ac0d484535_p0_5590,0.1908279566279088,0.12504482720924937,0.1492815373294445,0.05877497683684879,0.05008752454799842,0.8565330891907414,0.033461940461342654,0.016944503645222153,0.0070508406668410295,0.00969520868877738,0.8336342283925247,"[0.7857451879539121, 0.431174673225883, 0.7049114007618593]","[0.030218473628266074, 0.24634988520473794, 0.03624375061506652]","[0.6832930521404306, 0.49959151729717255, 0.6563525222238037]","[0.04547099682485112, 0.17088238941084605, 0.04369346871015678]","[0.19485554662868462, 0.5213322793889449, 0.26504605366597744]","[0.026352661355372745, 0.24484430677097094, 0.03204761316889032]","[0.2895277325792922, 0.46073550624968684, 0.3074531094322472]","[0.04119223989534801, 0.1605040493189288, 0.03907586820670664]","[0.05820555163795627, 0, 0.06791387624054855]",0.06603249550164125,"[49.78025173558938, 18.146268643903717, 191.55558450608243]","[579.3783162592422, 218.35497611066268, 2447.1010862368144]","[0, 0, 0]","[1317, 537, 5479]"
f393bb08-4121-cad8-e040-11ac0d484535_p0_6090,0.17408875632166143,0.13841588035879843,0.17885151909085034,0.06076806829709777,0.050656357711246144,0.8094866915406352,0.022673035026748,0.020284479691398016,0.005364459139175715,0.006497694997214309,0.7923102507966518,"[0.7238234048410157, 0.2983086297043892, 0.65639967857269]","[0.038337875926654774, 0.0838301710304667, 0.03885799796236744]","[0.6195430869169636, 0.4199003520728191, 0.6030693542774399]","[0.06624762211659496, 0.17638245662907703, 0.06076913982160004]","[0.25242903103707515, 0.6492930129029242, 0.311051073550313]","[0.033662323468276634, 0.07511220128908475, 0.03426248356632505]","[0.34906652276658706, 0.5357789416290785, 0.3573842025263445]","[0.06014751449860545, 0.16363303080959457, 0.05419160977787843]","[0.06296428838596078, 0, 0.06901146367788848]",0.06784112904433118,"[49.33053238551919, 20.283298157695796, 190.38451340894386]","[570.9589996740478, 218.0854066075681, 2417.552910554528]","[0, 0, 0]","[1311, 532, 5463]"
f393bb08-4121-cad8-e040-11ac0d484535_p0_6590,0.18083349164073131,0.09685156156959651,0.11324783833506431,0.03768970581194889,0.04335471120846279,0.7678444041456278,0.02093560013398099,0.023650924189333566,0.008303788191671657,0.007154108160562389,0.7545177973344026,"[0.6643780096751296, 0.23048715958372004, 0.6104634668137527]","[0.03747451595835277, 0.056439044506274114, 0.036743081218007956]","[0.5527977057418819, 0.3390488486027153, 0.546070529882756]","[0.04271939221009741, 0.12076842746093971, 0.037951666563672715]","[0.31338074287453543, 0.7097583677024322, 0.3533393637189516]","[0.03428006996220517, 0.04902988863997737, 0.03267521097625667]","[0.40898733181128016, 0.6108311656729465, 0.4101071939351598]","[0.03859554738389637, 0.11192287791273745, 0.03385267158455493]","[0.06490976619129124, 0, 0.0673554179507839]",0.06688338651209054,"[48.67041466362577, 19.977292121345585, 190.76349773172112]","[578.003999902533, 221.61258534193837, 2454.5986830038732]","[0, 0, 0]","[1303, 526, 5448]"
f393bb08-4121-cad8-e040-11ac0d484535_p0_7090,0.16124675794847793,0.11910004487896453,0.14194540247171852,0.0422747230287224,0.04317611053458409,0.7296222977962609,0.028139676403247993,0.02834991113847285,0.00857770137543068,0.008422615905993025,0.7171786957665315,"[0.5908103340213195, 0.18003313978983354, 0.5754134743301667]","[0.045846779051931574, 0.055557890079097685, 0.04289419381393572]","[0.5002851329426287, 0.2962683970440758, 0.5085759239747066]","[0.06599617198720872, 0.10472375660025803, 0.05901119336250213]","[0.3885914634350181, 0.7494457887444648, 0.38555848208908705]","[0.04232644892906487, 0.04675700119527654, 0.037955732605128495]","[0.4603292895687229, 0.6482949208489335, 0.4456933716114639]","[0.06007134449889576, 0.09683129054312589, 0.05281111001562791]","[0.07166670404988024, 0, 0.06808980388406433]",0.06877471955012139,"[47.92429848875418, 19.76645963402984, 189.80666654645518]","[567.7983709035813, 211.36829376157584, 2424.6619247429035]","[0, 0, 0]","[1286, 521, 5430]"
f393bb08-4121-cad8-e040-11ac0d484535_p0_7590,0.16110065164237622,0.1230660267090434,0.1152826128816149,0.0417013031541523,0.036858435720417915,0.6900178860517266,0.03436337100099096,0.02848187991596518,0.008325066541218673,0.010282859089181695,0.6754465174329128,"[0.4955062374487049, 0.15233563311127316, 0.5448037943050396]","[0.04145463428654739, 0.04169187088727411, 0.03826350077910007]","[0.4195955500749933, 0.26438890840984475, 0.46649516501765476]","[0.050618084392528406, 0.08536219431919971, 0.04749626875510757]","[0.48546204208798477, 0.7663355774174662, 0.4147387194353738]","[0.03917582240989581, 0.03319663041995069, 0.033881371737132515]","[0.5402492279952764, 0.6752094985335003, 0.484647639727057]","[0.04649064214616827, 0.07810334050229967, 0.042345600659092986]","[0.07638380653972399, 0, 0.06804425602216532]",0.0696305428685911,"[47.27078613220745, 19.170355191339315, 188.5993575123329]","[559.2170111728894, 199.1049316483322, 2384.3947502620854]","[0, 0, 0]","[1271, 514, 5411]"
f393bb08-4121-cad8-e040-11ac0d484535_p0_8090,0.135833991801454,0.11076758776458806,0.11182685638269392,0.03532293959490382,0.03283135325029639,0.633729153378107,0.02073013403119317,0.032854204124512676,0.007998039257940848,0.007774615671693463,0.6217909019911866,"[0.36242782703241117, 0.09745143587129057, 0.510589702742565]","[0.03283912396763716, 0.023311164092027707, 0.035339951059881386]","[0.3172761765516481, 0.2233582891680559, 0.43362656539228295]","[0.050055382687367866, 0.08592243870211472, 0.05217007562729409]","[0.615355890320984, 0.8051452279116957, 0.44797246580412986]","[0.03119070343781949, 0.016548632654044104, 0.03142141341623925]","[0.6401616160847972, 0.7083284928198781, 0.5144161480666523]","[0.04620844434534377, 0.0781540593961691, 0.046297656617797306]","[0.08132631201750701, 0, 0.06911486289048496]",0.07142662348937025,"[47.47995255993013, 20.76234802094571, 189.08566142143016]","[564.3450933882883, 216.88870135729593, 2394.666863136977]","[0, 0, 0]","[1261, 507, 5400]"
f393bb08-4121-cad8-e040-11ac0d484535_p0_8590,0.056744364613021896,0.09158939600939148,0.10189653164947576,0.04099804893117812,0.03138334513810956,0.5523184056107024,0.024705375734303425,0.029877764159056297,0.010522015041762645,0.009697653771731485,0.5555799151969719,"[0.18186972346689342, 0.06881564957388758, 0.45673740662492207]","[0.02197722635778121, 0.009859089299188294, 0.03780200960959937]","[0.2024323357358908, 0.19925872194201436, 0.405926135758402]","[0.0327400894092304, 0.07321633144331302, 0.0473776163470582]","[0.7962993030005073, 0.8456916064789756, 0.4997505712044122]","[0.021147682756601394, 0.006411228654528145, 0.0339733492225385]","[0.7555160523365718, 0.7250963673566083, 0.5404161764510269]","[0.03072009391152536, 0.06581250106156677, 0.04207277562684242]","[0.09027356484734855, 0, 0.0725504959801066]",0.07587039461621942,"[47.85818779679793, 19.612348241433246, 186.34917910718482]","[560.659371830248, 208.53180395281245, 2381.9259063571835]","[0, 0, 0]","[1241, 498, 5384]"
fc63cbab-d27a-5ebb-e040-11ac0c48724f_p0_3100,0.24348447255831712,0.15062931081106412,0.24755968564971506,0.057099824136250255,0.05610101397863629,1.109914981544118,0.017485099574401586,0.015786062276711865,0.005625022137129454,0.0057304938387570115,1.098266277941128,"[0.7549966672644318, 0.7295629268569594, 0.8613564558403205]","[0.03804517899711368, 0.03228565437137226, 0.018764404160365344]","[0.7464712189370855, 0.6404457491265163, 0.7752719770597771]","[0.03194386716499614, 0.036926784933964396, 0.029140283946434198]","[0.20718772654398449, 0.2446912907656799, 0.10418116462859921]","[0.031191980681810907, 0.028610396148461878, 0.016658948081509854]","[0.22143821696748137, 0.32255297328708354, 0.18946223928529096]","[0.02743555699000956, 0.0328579079702353, 0.02608057874729608]","[0.058606034520066935, 0, 0.04519964190879689]",0.05474141007656952,"[71.58192454018538, 139.791876544941, 37.39646141934921]","[1147.654295396288, 2253.6518128963426, 457.1070084477796]","[0, 0, 0]","[1832, 3515, 742]"
fc63cbab-d27a-5ebb-e040-11ac0c48724f_p0_3600,0.3183030305783097,0.14736080283160785,0.16772588786251316,0.06459860303086451,0.03877731836538317,1.0118991179191803,0.023769205732814047,0.018286896228507876,0.007639889612667705,0.008689464707207772,1.001371136583808,"[0.693849333110538, 0.587013142525936, 0.815514652070904]","[0.04881761686430114, 0.03278091527166688, 0.029025994146166745]","[0.6432028355454957, 0.4947399006601576, 0.728446126599798]","[0.04613932048793118, 0.036091585649773494, 0.036692873262694936]","[0.2679298872944905, 0.3826638461658308, 0.13496609744189297]","[0.04223886583667125, 0.030175950831194953, 0.026047946773303486]","[0.3223837189527468, 0.46677676157571013, 0.23387093072856927]","[0.041244033667276275, 0.03334016238533252, 0.03314192526971452]","[0.05203317788522045, 0, 0.04902277334760027]",0.05116052812559522,"[69.18852915832743, 138.54358794041366, 36.912383171414234]","[1109.1063128809328, 2196.0562002413058, 435.9317341049638]","[0, 0, 0]","[1803, 3472, 736]"
fc63cbab-d27a-5ebb-e040-11ac0c48724f_p0_4100,0.2930355618831197,0.1404475536013408,0.14882640559014465,0.046470629223923476,0.04207619750745756,0.9229877457625172,0.02461861301387569,0.02610090915792862,0.008292039761563452,0.007813099508327315,0.9113172303522218,"[0.6661524638726568, 0.48184454226063905, 0.741384110562199]","[0.04865708815222014, 0.033013217321496036, 0.03580523717170847]","[0.5823109282299065, 0.3954830209080055, 0.6658473238907172]","[0.055560117009061716, 0.05228778086938993, 0.04651959963907143]","[0.29552420348575237, 0.4869168301447426, 0.20594564708816865]","[0.04263520079539038, 0.030792471383900732, 0.03083371299938606]","[0.3813681185956983, 0.5597513497634403, 0.2885136544327526]","[0.05055049700609146, 0.04814950552697694, 0.04179688507269014]","[0.048260140491139164, 0, 0.06293778273496048]",0.0526954042662028,"[67.00013408850852, 135.57522363569865, 39.1859118604348]","[1082.4780012863646, 2178.028621324147, 447.1382822823937]","[0, 0, 0]","[1762, 3437, 763]"
fc63cbab-d27a-5ebb-e040-11ac0c48724f_p0_4600,0.2807341167816011,0.13487018054780325,0.25387579720825326,0.05861586744508107,0.038651333915260544,0.8586585801737797,0.027078816965963037,0.02832966009655047,0.009119309779351936,0.011511837807139602,0.8410114680952939,"[0.6546744665726111, 0.4000403033119397, 0.7368175810929389]","[0.05376202539455982, 0.03600922574573259, 0.04577877000536201]","[0.5686171029151135, 0.33904201828200725, 0.6292912731182008]","[0.07638209208629992, 0.049410998766818676, 0.06536789389928999]","[0.2995119557410903, 0.5601109001488157, 0.22620745362125064]","[0.04675422339727886, 0.033524268011906555, 0.0390264208895926]","[0.39330772887042215, 0.6086055938975061, 0.32775248726539874]","[0.06930162386094327, 0.04526186839483032, 0.05875233700214913]","[0.04808471417931855, 0, 0.05857929760386357]",0.05124547597588481,"[65.84128508817524, 135.84798448427833, 37.06789608079208]","[1053.7766374576747, 2163.19175715403, 441.1545038435651]","[0, 0, 0]","[1717, 3399, 740]"
fc63cbab-d27a-5ebb-e040-11ac0c48724f_p0_5100,0.38601389233083866,0.10686289091908113,0.10103551315108461,0.03174915142853979,0.03347310698184769,0.8055616380574995,0.02854914191928315,0.036927836516217116,0.011300118224646383,0.008482718042125748,0.7863939341010898,"[0.6804942128915489, 0.34218741007178843, 0.6903868195897117]","[0.051411426028891705, 0.031531126694592654, 0.05033426503093791]","[0.5159413225145766, 0.2828929441673261, 0.5234794741803]","[0.06247729359089513, 0.05082343905960082, 0.05770360846812775]","[0.28501990875486855, 0.6166086505549415, 0.2625650982632731]","[0.04641428826822358, 0.029343231282216775, 0.04200037693978047]","[0.44047667668984386, 0.6571474695143804, 0.42680943859894227]","[0.05640090179243268, 0.04627205599350359, 0.05194161398310948]","[0.03818754968107662, 0, 0.04976150089749645]",0.04181040754525447,"[60.29693720864312, 132.05132712341623, 37.18256840914261]","[1026.325299600348, 2103.4506630608234, 461.81525107029927]","[0, 0, 0]","[1657, 3346, 755]"
fc63cbab-d27a-5ebb-e040-11ac0c48724f_p0_5600,0.3891616785044678,0.10696927799366746,0.10881022611833319,0.05126960047675422,0.042363129987392556,0.7600362464895606,0.035070652478597975,0.02552891863625506,0.009248366542652264,0.011866702865943934,0.7281479433564939,"[0.6657850550883135, 0.29759479819711776, 0.7161783344998015]","[0.06389808373986133, 0.02535791596194309, 0.059483698502834415]","[0.48486771364981435, 0.24465415501711343, 0.4978129031232269]","[0.0622516096442112, 0.04086473812573348, 0.06109099576066901]","[0.3035956523949419, 0.6539961982114361, 0.256962565439404]","[0.05760344225479355, 0.02333793721117422, 0.05289954785616127]","[0.4703820391930427, 0.6890286915255385, 0.4472898202235712]","[0.05626459624137467, 0.03688227918715875, 0.05408965082816661]","[0.038089115213070214, 0, 0.044648777698223625]",0.040183397907605556,"[57.657400871842896, 130.07935557727083, 35.02149607297836]","[983.5157595251978, 2050.6757211746385, 453.64386560969155]","[0, 0, 0]","[1597, 3286, 749]"
fc63cbab-d27a-5ebb-e040-11ac0c48724f_p0_6100,0.3084842195249692,0.11321871227847591,0.11605130961090582,0.042672208700892666,0.03168084677408256,0.6755852474435576,0.03847367129612811,0.03039126224122679,0.011461048991910694,0.01424133562964236,0.6396637302457381,"[0.5340705877852892, 0.245462112522131, 0.690322101156982]","[0.06214395364104919, 0.030397522115814826, 0.04852355352142368]","[0.3794214249552331, 0.20829451523585024, 0.47777546278454475]","[0.06824420004983897, 0.042492356272566395, 0.07133203130219479]","[0.4345682631615753, 0.6948480830142509, 0.284558919108591]","[0.05736838578652648, 0.027787389956389408, 0.04429321740757426]","[0.5732204629789718, 0.7207809821641756, 0.4613995701620468]","[0.06227550276394586, 0.03812365952439495, 0.06227903250795494]","[0.04382389787850422, 0, 0.048529136018622306]",0.04533879519745736,"[56.31364908886213, 128.9460412830794, 35.077045536900094]","[982.1382056546369, 1935.8875124456672, 449.30324595340295]","[0, 0, 0]","[1550, 3212, 736]"
fc63cbab-d27a-5ebb-e040-11ac0c48724f_p0_6600,0.24547792029810156,0.1002035555047191,0.08446030970021995,0.035672962480693016,0.03283572569030824,0.5796446497142387,0.03781005663093395,0.0330079585431422,0.010457977973598709,0.013189322692021888,0.5393256609973562,"[0.35375616969934065, 0.20565796662343167, 0.6537535306177945]","[0.04183906526353695, 0.026389123812824197, 0.041931629835634976]","[0.24731203350611922, 0.167743852397058, 0.44155781734971106]","[0.0482232328812322, 0.04177504462434617, 0.062060596979242266]","[0.6237059627439069, 0.7305693588559603, 0.31752090244057685]","[0.04007844325722071, 0.024051954125424824, 0.03730001374682557]","[0.7054140785542935, 0.75697977578217, 0.48912348216568197]","[0.04479809939129675, 0.03748774246432229, 0.05322776814448313]","[0.04951369428237062, 0, 0.0514880148149227]",0.0501620184572492,"[54.612469963977134, 124.40995978479046, 35.907121364356456]","[980.039763619194, 1812.47528922806, 455.2422858965804]","[0, 0, 0]","[1491, 3126, 729]"
fc63cbab-d27a-5ebb-e040-11ac0c48724f_p0_7100,0.1770325704140632,0.060904295544139814,0.06317957645182003,0.020583564814687094,0.024196491165319384,0.4342859919051621,0.03362772243622325,0.035445512576059435,0.012345285303453357,0.012583856435469665,0.40284826150839365,"[0.16897428655115412, 0.14611595840018718, 0.585348221517777]","[0.02420166342391282, 0.024665315906828994, 0.03966537921771818]","[0.11291149224677283, 0.10874069546411703, 0.3971693350729007]","[0.031341166056667806, 0.028469592689570354, 0.07089671640402295]","[0.812603332958348, 0.7891991779152403, 0.37235956062790604]","[0.023461649512890315, 0.022783685265822917, 0.03410670066327445]","[0.8444422425939146, 0.8143489187997899, 0.5281769675096101]","[0.02999567948645593, 0.025583159634438246, 0.060141752127703896]","[0.05515914322655981, 0, 0.0598848394132167]",0.05675282062908579,"[52.9107064827966, 119.00281353454913, 36.95564883362303]","[929.9096299077552, 1711.0410625021445, 438.1158660577215]","[0, 0, 0]","[1415, 2999, 720]"
fc8130df-6860-7677-e040-11ac0d485ddc_p0_2800,0.10978505501564527,0.1722923337599806,0.31008656296984205,0.0965201419586192,0.059906538250780926,0.9368824636551422,0.011062546078491331,0.009041070563857168,0.0032776513760154335,0.003633592529622587,0.918734632294374,"[0.9230036943576018, 0.764434178098469, 0.830079836355892]","[0.0065358500484549165, 0.13341718961279192, 0.023374253460823002]","[0.9325311019605935, 0.8549559438768038, 0.8110502490894832]","[0.012048602733025326, 0.14338808147368542, 0.046354399530725454]","[0.0497089605186188, 0.20649001295690858, 0.1412506078728607]","[0.005894266101960418, 0.12361965604480132, 0.018286705037863622]","[0.05289414511108512, 0.12865800313671358, 0.1583351909874157]","[0.009369319869926125, 0.12662905699423416, 0.037370746214816015]","[0.13128602487170427, 0, 0.10941791614962115]",0.11043644183200091,"[14.164361767134826, 9.13978850727452, 249.53222445315126]","[102.49783751801476, 55.05900448526168, 2072.209947811725]","[0, 0, 0]","[253, 172, 5179]"
fc8130df-6860-7677-e040-11ac0d485ddc_p0_3300,0.1044248032412094,0.16839762571462275,0.21111445443419427,0.07330178125291645,0.06618852007325912,0.8686471904348844,0.016472481131532435,0.013562808305603524,0.005081450967511891,0.005530844376260058,0.8504249333850474,"[0.8422266046220347, 0.6680537253664168, 0.7170410955178235]","[0.015337098676228234, 0.17692362722101818, 0.02466368380311712]","[0.8139774939183382, 0.7492194124578481, 0.6918702806943594]","[0.033308573686532006, 0.203581904403058, 0.05272770334883231]","[0.14381310444893572, 0.2874857469154358, 0.2457648614947872]","[0.014111080279345725, 0.1703997112377222, 0.02083267006050571]","[0.16173560929065448, 0.22102536732663153, 0.27056097388930306]","[0.028921008843006718, 0.18284445900713284, 0.045143434857037645]","[0.11695697443068274, 0, 0.11253796122533374]",0.11274436603485169,"[13.173752001750877, 9.124507792924563, 251.79221649077587]","[101.23229595910723, 56.733318762891024, 2055.2058169437164]","[0, 0, 0]","[254, 172, 5184]"
fc8130df-6860-7677-e040-11ac0d485ddc_p0_3800,0.14753942071906068,0.12471578163440034,0.16099303547654578,0.057741992450683455,0.03540162472686731,0.8186771669975372,0.017762372923861514,0.018034923109584433,0.005720279312736332,0.00637104225109042,0.791561214629274,"[0.745373947019539, 0.6058311228751903, 0.6483783593843792]","[0.02055855580608751, 0.1745896897987293, 0.028840035027281774]","[0.6960999401761617, 0.6943864328655099, 0.6031230804159924]","[0.054569513562662375, 0.24974647653586102, 0.06036085216393755]","[0.23879295072294704, 0.3313141044050018, 0.312357017853119]","[0.018599692985112243, 0.17089230917889742, 0.025109996150748826]","[0.27463439890568503, 0.26951800567571654, 0.35542424456526034]","[0.0488557134564752, 0.2292251870130632, 0.05311544092663112]","[0.11517621973857231, 0, 0.10768708372506762]",0.1080378564610865,"[13.206424551249615, 8.908260097726417, 250.1982136689045]","[100.68127637139378, 55.71653667971194, 2059.057774367884]","[0, 0, 0]","[254, 170, 5169]"
fc8130df-6860-7677-e040-11ac0d485ddc_p0_4300,0.13518130867013306,0.16179247891817383,0.16712045327736127,0.06002849726283427,0.059122651337218446,0.7544065254108102,0.01705571800555905,0.016596245153472244,0.006406700203400395,0.00719362962863801,0.7330386692254907,"[0.6245518170590041, 0.400199021423307, 0.5743550493761845]","[0.026127451720197703, 0.19121374623821286, 0.026258810515034592]","[0.5768514188969371, 0.5493785230225561, 0.5241248743182161]","[0.06434091317393209, 0.26976883822752123, 0.06469494473445961]","[0.353736210954919, 0.5362617805888173, 0.3839499216742668]","[0.024155257449102685, 0.16823492937564008, 0.023327961238043288]","[0.3906313532805886, 0.40536116330492605, 0.4309954168652719]","[0.05818367846835637, 0.23580254562531913, 0.05769787418920408]","[0.12028428481473741, 0, 0.10915359058217819]",0.10967731489700755,"[13.111632629100095, 9.976331770645242, 247.60175855037363]","[99.82536082613804, 55.290232481645404, 2042.2550773064338]","[0, 0, 0]","[253, 171, 5124]"
fc8130df-6860-7677-e040-11ac0d485ddc_p0_4800,0.12776760350747854,0.12338970135451624,0.18457161408757816,0.05005620748429862,0.0455916388609926,0.6894918538243986,0.02898321243817925,0.02083721304210795,0.00543242764981644,0.00757450563581108,0.6722671568339623,"[0.46662041516229485, 0.22947433109051768, 0.5133058827988141]","[0.035733680535789736, 0.07355978863575528, 0.03672080887080598]","[0.46340180639235873, 0.47440736014291873, 0.4546598826277302]","[0.07487619413204288, 0.3209832424677489, 0.07236984388413739]","[0.4763257865966356, 0.7014112130610246, 0.4466372965419452]","[0.03214606916959825, 0.06411774987385177, 0.03310909350304328]","[0.497875973323832, 0.4761670962733231, 0.4955655294232302]","[0.06856732022688244, 0.28431270633417244, 0.06476909142944692]","[0.13227838414562595, 0, 0.1069227425611269]",0.10812109621440781,"[13.861768933801953, 10.334901469537648, 242.07668487824466]","[100.99961905334207, 51.32641044586922, 2054.6253756707147]","[0, 0, 0]","[252, 170, 5080]"
fc8130df-6860-7677-e040-11ac0d485ddc_p0_5300,0.056822807078767766,0.15052257835633068,0.16519860008793624,0.04103126650395126,0.0405699879052565,0.6199719817510474,0.023851444702691627,0.02622253595631252,0.008587679575303153,0.008155276267267642,0.612922020203418,"[0.36016641754532513, 0.12767601909049817, 0.44324683296011197]","[0.03291830846011695, 0.021399764289572444, 0.03301235752669618]","[0.3765887691617863, 0.45566809789320184, 0.41241582441547187]","[0.06797738855381097, 0.37596696486366743, 0.06816420502888523]","[0.6001905762218341, 0.7934597123779702, 0.5117730146120895]","[0.029565668083654018, 0.01857660950519663, 0.02971998197423753]","[0.5791948923571094, 0.49090989254350104, 0.5364119017769238]","[0.06186409195309034, 0.33698843466624406, 0.06124705789617818]","[0.13610731603572188, 0, 0.1139989187890504]",0.1150421234345727,"[12.996467647591656, 11.10303437805955, 240.1679012595918]","[99.71991591809496, 45.73397533791227, 2025.5209853282533]","[0, 0, 0]","[249, 168, 5028]"
fc8130df-6860-7677-e040-11ac0d485ddc_p0_5800,-0.017829027534574004,0.10028893267356787,0.11028680139379564,0.035107245400381445,0.0325786953565228,0.5617640821409094,0.02455738177528133,0.0259113449160987,0.008328381986617117,0.008876996997719377,0.5540301973161048,"[0.23437900492110458, 0.09181172399856184, 0.38944819265462827]","[0.022598813380270977, 0.01994522246166954, 0.02879782553761187]","[0.3160675380022024, 0.36421841909208774, 0.3887562340704801]","[0.04681513244486815, 0.3636111930017669, 0.05066380639040466]","[0.7109576339179559, 0.8209189826954091, 0.5609611721926422]","[0.020318010752709614, 0.019526414509473955, 0.02590792453105606]","[0.639610108354887, 0.5678325625255429, 0.5595686804934802]","[0.042417904970011855, 0.31762101843396506, 0.045493546264576745]","[0.15200744366656946, 0, 0.12068405684274106]",0.12214821515404645,"[13.037993724911926, 10.90522715199509, 239.09795684622438]","[95.79913158158149, 50.986306571175234, 1995.8695613002408]","[0, 0, 0]","[244, 166, 4976]"
fc8130df-6860-7677-e040-11ac0d485ddc_p0_6300,0.04055787345193013,0.08982867382707516,0.1156112504272983,0.04343017626904518,0.03509509595256823,0.5079537455036731,0.026579307310486633,0.031133409584528704,0.007885153695333269,0.007396412684131937,0.49925768342296556,"[0.12845654000955478, 0.0830692247579429, 0.3425799760422353]","[0.018168881175636815, 0.025058843742543427, 0.03077746819042232]","[0.18348905140801974, 0.329067220313333, 0.3178008158976057]","[0.03167625114573802, 0.35310784724161504, 0.04907510169511842]","[0.7986870647356968, 0.8182956739361272, 0.6025282372546363]","[0.01606997594899473, 0.029494337046223507, 0.02768399820752282]","[0.7675107552119101, 0.5965762650908619, 0.6258152611550307]","[0.029162676772569618, 0.3134626531964105, 0.044225224197946056]","[0.1478394474001842, 0, 0.12020047511881965]",0.12147117083767192,"[13.203364997454042, 10.244484832652017, 240.90112649799164]","[93.56962355210116, 48.373025237493906, 1943.0219589372507]","[0, 0, 0]","[237, 162, 4918]"
fc8130df-6860-7677-e040-11ac0d485ddc_p0_6800,0.06500956786071044,0.08301657490099357,0.11253808106732943,0.032393310113848064,0.023226357076464213,0.47116976409112804,0.022842679352012007,0.02507114707473429,0.010755413695394955,0.008878588638694118,0.4473421093436743,"[0.07345724967943808, 0.04033288283559924, 0.3178392225876702]","[0.011088622413873612, 0.011881951355740331, 0.026241514336942884]","[0.09001808935118058, 0.28633658574105836, 0.28171338846825283]","[0.020407773768980668, 0.35608760265278766, 0.052708879424935934]","[0.9055518166949231, 0.8628478748532383, 0.6270734631331918]","[0.010398152870591981, 0.008416630645242063, 0.023577215131994678]","[0.8557089934759928, 0.6416959088868717, 0.659930320842784]","[0.018800357503102272, 0.3066480845770032, 0.04739394096251881]","[0.13080760466595548, 0, 0.11541578936387394]",0.11610799786822916,"[11.383708454370362, 10.409431599438113, 236.6961046005689]","[92.67302705011214, 46.41111492158367, 1960.3428016379721]","[0, 0, 0]","[229, 158, 4863]"
fc8130df-90ba-5d94-e040-11ac0d485e0c_p0_2990,0.4154551711131719,0.17429276775003388,0.15180207288235814,0.06949221880183998,0.07307298938836204,1.044377682002309,0.03386914341244518,0.026559073431978275,0.009219971135632665,0.011467829045213485,0.9759710603059959,"[0.6898408634759727, 0.8436456678104867, 0.6870844512523127]","[0.04070526593450691, 0.07049301224267457, 0.04452046150966926]","[0.5973265912325214, 0.6548025752551829, 0.5123127280617641]","[0.05296680797364339, 0.07093130535662784, 0.060615349355649245]","[0.2613418373216922, 0.12526146106938513, 0.28599925938040405]","[0.03460371336630996, 0.061305978392304214, 0.03998472530039461]","[0.33624584305543675, 0.2792388249486047, 0.4319774834295933]","[0.04450774843498431, 0.058348723607592606, 0.053114211866146566]","[0.06016841299836226, 0, 0.05563285561149004]",0.058333876840481115,"[96.44791853503108, 86.9796048672068, 71.05122619418916]","[1258.8255929452066, 1160.4652156168581, 855.2780730817713]","[0, 0, 0]","[2553, 2691, 1734]"
fc8130df-90ba-5d94-e040-11ac0d485e0c_p0_3490,0.4852077801293848,0.16252692269837898,0.14677363247877956,0.06470757836889474,0.060318814820091216,0.9984176980740337,0.05282094398980408,0.027610302427688693,0.008639870329711585,0.012882308094783412,0.9111975398935372,"[0.6465188202856409, 0.7404485266292875, 0.6690633975174016]","[0.047618924531495965, 0.1286701572599534, 0.04881771177761918]","[0.5046650718797726, 0.535631210595972, 0.4681004142704569]","[0.06028989780355032, 0.07776466752406219, 0.061499459396517936]","[0.2983625683310091, 0.21781417067060688, 0.3013967259121632]","[0.040250681372684866, 0.10695853204965589, 0.04361494431771018]","[0.41591670710501555, 0.38427406045891777, 0.468963021333869]","[0.05041864593734591, 0.06408613037308397, 0.053802856439651825]","[0.05640338780459811, 0, 0.055279658376067686]",0.055952521763894224,"[95.8569143808667, 90.54375829336556, 70.61894751732]","[1233.670320293668, 1151.8173867932032, 830.8589059000238]","[0, 0, 0]","[2546, 2711, 1706]"
fc8130df-90ba-5d94-e040-11ac0d485e0c_p0_3990,0.4752257670608387,0.15494214797183442,0.1373586287078476,0.04455638454754257,0.053239912134929346,0.9475128399107088,0.06577243353231055,0.02799288561289237,0.008461481562266449,0.014257649824836682,0.856308925733215,"[0.5968163879981367, 0.6495376777031433, 0.6253356898268675]","[0.044380523078783485, 0.1234912787677539, 0.043947127851803436]","[0.440073694085186, 0.4257539329267802, 0.42579629502047645]","[0.06324567345976437, 0.05725981868701879, 0.06301715847379738]","[0.3334935837099586, 0.29906786023485443, 0.3323271665135595]","[0.03706690153926634, 0.1038301617242354, 0.038284635522850274]","[0.46296309978725836, 0.48266056234771787, 0.49853284641891876]","[0.052333903863318154, 0.04739540101458001, 0.05430262581417353]","[0.057326242655577744, 0, 0.05805741204355191]",0.057618256593529704,"[98.62229442202968, 91.8091321969381, 72.34582882062814]","[1250.6806877877696, 1210.706610594108, 838.223581969816]","[0, 0, 0]","[2516, 2696, 1673]"
fc8130df-90ba-5d94-e040-11ac0d485e0c_p0_4490,0.4568274763623672,0.11522592071201743,0.1190770726676657,0.033421912184934954,0.040531426808056936,0.8957724712367856,0.025098205414084696,0.028848277778863674,0.009668908500602647,0.009455947905765538,0.8029208511422496,"[0.5818538449363618, 0.5404183898118099, 0.5963893246373326]","[0.048363015728212, 0.05708773775316148, 0.047352109922161656]","[0.41152463172557985, 0.35081707974252857, 0.40582853780285055]","[0.058190445849328115, 0.04754947521652911, 0.05682515765704227]","[0.340773287871686, 0.3945941134033814, 0.35068141648948037]","[0.03975349036446832, 0.047654878031231224, 0.040321897837324316]","[0.4785805196523132, 0.5503717159650479, 0.5086931548419005]","[0.047206215826822884, 0.03919564526164421, 0.04817143450302619]","[0.05822513917960134, 0, 0.061846609247655025]",0.059676742142726676,"[97.83910901575126, 93.36116245621011, 72.49397424156683]","[1205.9411166911943, 1190.5178402557037, 814.5483230822337]","[0, 0, 0]","[2447, 2673, 1637]"
fc8130df-90ba-5d94-e040-11ac0d485e0c_p0_4990,0.4616181797975703,0.09805718827183135,0.09885547956179302,0.03382348858867923,0.0332711932760002,0.8343920736123706,0.024606181363479918,0.02285143544463386,0.010775633779156135,0.009733583191832151,0.7478502259475784,"[0.5775558863703675, 0.4257159844775698, 0.5764862333016724]","[0.040502771959827766, 0.04031101995809305, 0.038789285032341914]","[0.3763227813639228, 0.27104280204683545, 0.37429641425728455]","[0.043028755253884915, 0.04717517362778774, 0.04125859659415396]","[0.34287491194848685, 0.4989204312976425, 0.36641573402502364]","[0.03268218658659644, 0.03392524282344153, 0.03276409686281162]","[0.5032708533740626, 0.6250243168253999, 0.5357777481648474]","[0.034398258006153065, 0.03915152247671311, 0.03512675724197051]","[0.05471612798629884, 0, 0.06093807298267562]",0.057226008162124004,"[91.92023231573856, 95.06898647095619, 69.69538289452493]","[1153.0678880759115, 1186.7820957938839, 788.2340382511406]","[0, 0, 0]","[2322, 2632, 1570]"
fc8130df-90ba-5d94-e040-11ac0d485e0c_p0_5490,0.39869713301232584,0.0979596762145376,0.1073415959688735,0.042822637268781605,0.02860381233500381,0.7634544717268238,0.028545597637983255,0.031206574707792978,0.011757442984195454,0.008754711566237527,0.6841610566042808,"[0.5448287741289273, 0.33665976516081314, 0.5332074701899929]","[0.04015373775480613, 0.03147722852746751, 0.03901077872962899]","[0.3538153726930511, 0.2015645404707577, 0.35630983234655744]","[0.063932252539805, 0.03936590844847143, 0.06391483987496432]","[0.3650221906936873, 0.5827518135919478, 0.40925999377627875]","[0.03169044891933437, 0.02663800988129439, 0.0333012081904622]","[0.521402207885461, 0.6912063759438157, 0.5472083505723454]","[0.050668341152004914, 0.0331480768466198, 0.05331822712724779]","[0.060204345177574795, 0, 0.06967699960645536]",0.06408612128664012,"[90.12471500282837, 95.44494129740816, 68.61449863128945]","[1058.9976686134648, 1204.2917864997817, 744.4022065510954]","[0, 0, 0]","[2195, 2578, 1524]"
fc8130df-90ba-5d94-e040-11ac0d485e0c_p0_5990,0.26950931398358136,0.09019877880929006,0.1108821569861079,0.04050739183225238,0.04070061515042289,0.6627464173018496,0.028435378238123143,0.02766830996998282,0.008472463152591536,0.010834470780198946,0.5949474414034839,"[0.45538500324911374, 0.2512755717643095, 0.4816275851330724]","[0.041842107664550626, 0.02872613919074138, 0.042302711975694046]","[0.31588419811284607, 0.16776579353486717, 0.3587318711464256]","[0.061953199101507705, 0.03543017352857754, 0.0658792264204591]","[0.44762641506992196, 0.6609923019671382, 0.46478264049224455]","[0.03315118603753198, 0.024365685710605378, 0.03666449647386516]","[0.5594318401099548, 0.7251072906360172, 0.5489247509299804]","[0.04933134705130915, 0.029834240679664947, 0.05542258995031371]","[0.07018791638829215, 0, 0.08042893269379096]",0.07445258065422614,"[85.48998242344817, 92.4530620755447, 66.58590471023889]","[983.5863789551813, 1111.202631764748, 707.8074845466839]","[0, 0, 0]","[2053, 2540, 1465]"
fc8130df-90ba-5d94-e040-11ac0d485e0c_p0_6490,0.12050526270376138,0.10295542405701108,0.09425473925488294,0.032672043625984665,0.03185049077197842,0.49489728507192965,0.03752972360075224,0.044441231111658874,0.013005815254845898,0.010310292689587996,0.47192836951115175,"[0.27630588704678405, 0.15645673001911586, 0.4112759587457981]","[0.04459414320565136, 0.022332087308485057, 0.052665466056592614]","[0.21784915355321582, 0.11484235490369735, 0.3322332294101292]","[0.04374037887071336, 0.026357384261353423, 0.061042998967735934]","[0.6364385642616038, 0.7472300245648029, 0.5357753488261856]","[0.03772070257377097, 0.01931566500924564, 0.0466605780627726]","[0.6627791705614918, 0.774897986198701, 0.576797756085319]","[0.03588110889267143, 0.022365796002963345, 0.051820225649629514]","[0.08291943191005886, 0, 0.08834000055560708]",0.08525126799507976,"[77.43334587784341, 95.58711771422003, 64.23148783817447]","[901.865927080817, 1146.6821663339083, 679.5560292716297]","[0, 0, 0]","[1869, 2491, 1411]"
fc8130df-90ba-5d94-e040-11ac0d485e0c_p0_6990,0.11954051243308397,0.08570211046490406,0.08844542407059848,0.03088194437289954,0.03199524347839805,0.39957759563737416,0.029263380411968964,0.027014277358934746,0.009244901221460489,0.011674775755617872,0.3646774537545442,"[0.1751463786757331, 0.11548347304170047, 0.38522758541996877]","[0.023003500650584624, 0.015711651551370644, 0.038950464271617385]","[0.11523190543340821, 0.07883663888427588, 0.30460549355064026]","[0.033367791513691625, 0.024115005074907048, 0.07785500975570249]","[0.7538788780521593, 0.7878255438604078, 0.5569352151937175]","[0.020330809931230487, 0.013547171815710857, 0.03430261072140345]","[0.7746470047228656, 0.8119390347121761, 0.6014166218465629]","[0.028608530405878296, 0.02064776592585299, 0.06588754763663657]","[0.08182715955283629, 0, 0.08840638465263741]",0.08476735729821373,"[72.04064267376366, 92.98281591970051, 65.9735981349782]","[863.1974320866483, 1113.64357497968, 696.7518118382623]","[0, 0, 0]","[1708, 2433, 1380]"
fc8130e0-0f1a-b6eb-e040-11ac0c48328f_p0_0900,0.9948690037719934,0.12983469865334696,0.18401802928409494,0.11441801703035948,0.1716613441577055,1.2133683403047109,5.17313061676461e-06,4.180894227490128e-06,1.7114813450902489e-06,1.9186636706081117e-06,1.2133674362253042,"[0.9984745835405195, 0.9996035421963105, 0.9996302102728538]","[5.1996175005175616e-05, 1.2072581013822248e-05, 4.550622698357154e-05]","[0.9930121685066937, 0.9968639709824123, 0.9964184639306188]","[0.004178389741905542, 0.0030695046723214214, 0.000985719054571621]","[0.0011832009933194073, 0.0001622461157280688, 4.601588825463245e-05]","[3.5751309201224944e-05, 4.064007616634937e-06, 6.99243434860199e-06]","[0.00610079549164787, 0.0024162453664556337, 0.0014976403677888325]","[0.004180904218501495, 0.003072166902445789, 0.0009849781375389974]","[0.023919078474968703, 0, 0.0039006176708230034]",0.015530003419925085,"[39.672658461198786, 55.89797778247443, 36.86437859784109]","[494.6004626528341, 623.0616157694486, 353.3194516823811]","[0, 0, 0]","[1432, 1783, 1033]"
fc8130e0-0f1a-b6eb-e040-11ac0c48328f_p0_1400,0.6508345807503444,0.31885793852240096,0.8933255180692389,0.2315482587869675,0.14075097240822398,1.2025335680452027,0.005594200976406283,0.004863389157703457,0.003276653869455304,0.0028167389801623255,1.1974522284798237,"[0.977407880944338, 0.9653841078794763, 0.9594788994705916]","[0.003087343198907966, 0.013915089065537678, 0.01891142173094601]","[0.953361319223405, 0.9531796237169843, 0.9028154306294409]","[0.01695405353860724, 0.01431991975990693, 0.04325692413933929]","[0.009459037162377837, 0.017768456673679024, 0.02676031123698927]","[0.0025859924067876666, 0.013302931534015624, 0.013257231626486593]","[0.02538362959260757, 0.026057483585104232, 0.07143931120180827]","[0.014417763247484637, 0.01285905609450656, 0.03529915791017045]","[0.04020490756358631, 0, 0.04705865369201691]",0.04308966054469213,"[39.41284397162119, 55.34258613125446, 36.80609473357221]","[482.45794182097313, 600.6614871063541, 348.9571268402051]","[0, 0, 0]","[1413, 1752, 1027]"
fc8130e0-0f1a-b6eb-e040-11ac0c48328f_p0_1900,0.5437266970979507,0.30993771257876557,0.21641316128179283,0.05860224832703831,0.0975604723855521,1.0753364891198478,0.05259485468975367,0.03479598070062018,0.017823210719780214,0.013659449927736045,1.0124928227416772,"[0.7929817129404358, 0.7869541192984769, 0.7729422808690467]","[0.07624616094179987, 0.07892624247225283, 0.07402915393191184]","[0.6570272409270129, 0.6353299449506892, 0.6023148544940097]","[0.06301601611217111, 0.08783955288712875, 0.06790518092057796]","[0.19273614415578252, 0.1994060337008869, 0.21621446333977296]","[0.0699268893979727, 0.07054503630757705, 0.06767059646906828]","[0.31429540530542, 0.3352865180086533, 0.3705674739752522]","[0.05576919110773401, 0.07904816138807419, 0.061865876465602876]","[0.050575288939370626, 0, 0.06412942189204646]",0.05628695296842797,"[39.778994428117876, 54.66550652563848, 37.96641704862789]","[492.89366986589243, 593.9402067861571, 353.077111858368]","[0, 0, 0]","[1417, 1773, 1032]"
fc8130e0-0f1a-b6eb-e040-11ac0c48328f_p0_2400,0.4111637983498266,0.13679649314474313,0.12048902546894369,0.03313414492053646,0.04968897491488222,0.8046303608123243,0.053913620840572496,0.049198411695153266,0.015266370553686737,0.01370222634859164,0.6951092908750118,"[0.47199717387282775, 0.46930185551215453, 0.5397635328999661]","[0.07725923223940565, 0.06297078617583063, 0.06300382327555853]","[0.3157845936373198, 0.2925752546064929, 0.3603429687584153]","[0.06221787292033065, 0.05715623270925023, 0.07076271713281576]","[0.5080729182770146, 0.5091517162274193, 0.4412976345426251]","[0.0731659926123232, 0.059820095601210516, 0.05997051812240625]","[0.654081571805021, 0.6711493361958942, 0.6088503910223806]","[0.05844565949700081, 0.05353540520551292, 0.06697232703758005]","[0.06196707431475229, 0, 0.08083910428281708]",0.06992376316743618,"[38.16790610017111, 55.61774719473403, 38.73671321219247]","[485.31369074672335, 595.6489056477049, 352.05986553242286]","[0, 0, 0]","[1413, 1768, 1030]"
fc8130e0-0f1a-b6eb-e040-11ac0c48328f_p0_2900,0.31701677805681716,0.10349864546191434,0.09300103259831857,0.03400562500172294,0.03474375912892497,0.5670706649494606,0.04229015253812285,0.051292182077681714,0.014352449070598738,0.01798779624078828,0.43885338506206417,"[0.3016714641101041, 0.2517598521293033, 0.4127945157364286]","[0.052879695784943365, 0.04411019247595814, 0.0503324804349079]","[0.1438018261243608, 0.13523591952476305, 0.2536271567259426]","[0.04310329705368817, 0.04236064685113705, 0.06881058261660518]","[0.669459767059613, 0.715674671010982, 0.565817074229606]","[0.049570345252337444, 0.04161160132161956, 0.04797971282753677]","[0.8146947112364678, 0.8161953368189455, 0.7074990044540499]","[0.04072023007240211, 0.03929091307291782, 0.06467167877577035]","[0.06537826605113421, 0, 0.08575892774834452]",0.0739940711196706,"[36.16241839136386, 55.06433635330141, 36.134458639973005]","[461.6848258907405, 586.7573174487767, 342.2906798765072]","[0, 0, 0]","[1401, 1752, 1026]"
fc8130e0-0f1a-b6eb-e040-11ac0c48328f_p0_3400,0.17174916267956056,0.08301615727369058,0.07967441135336215,0.019039647420111744,0.020759835245372116,0.36445975983854256,0.033264839320496564,0.03869858926944897,0.012865441498533692,0.013175650580238008,0.2790365545708187,"[0.1448049185264995, 0.13593868189994995, 0.28913041474312534]","[0.026476383308202615, 0.027869957389846524, 0.04259495973712471]","[0.07520746859269285, 0.07429524604935005, 0.17673349467455343]","[0.02912673875128318, 0.027376424576116984, 0.05910169692513455]","[0.8133497271949212, 0.8130956014921991, 0.6794813118880674]","[0.02395951225044396, 0.025798996898025228, 0.04044664822480687]","[0.8639927525999882, 0.8645918932028503, 0.7719032677503092]","[0.02685616063854329, 0.02516219124972935, 0.05458891165618146]","[0.08102383286144357, 0, 0.09950978459500204]",0.08891303953561373,"[37.57999513184637, 57.375046908893545, 36.94135611243566]","[443.3910552287248, 622.5244016740938, 331.97766323444995]","[0, 0, 0]","[1362, 1709, 1014]"
fc8130e0-0f1a-b6eb-e040-11ac0c48328f_p0_3900,0.06087827558574177,0.08093202374651504,0.06988172347751648,0.01826567738026283,0.022809627103526006,0.1746897265552774,0.023600727930025434,0.034597803719236264,0.011529111973407252,0.010194086168816424,0.1414507563677155,"[0.026821322514039042, 0.057857256536291014, 0.18053738076132667]","[0.006522794088237891, 0.01779474610964765, 0.03315642701022714]","[0.030989932700009465, 0.0385421870325934, 0.09041985975681557]","[0.022945176528071102, 0.027023397509260198, 0.056846106011902285]","[0.9107412656460389, 0.8816503787934833, 0.7735683611672067]","[0.005832810945543276, 0.01580177843542918, 0.03073674212034677]","[0.883491836903773, 0.8818159448816475, 0.8458249649124653]","[0.02054244155219842, 0.02444793465122569, 0.05185364164841422]","[0.08881883268955003, 0, 0.1036716533676387]",0.09524254825285229,"[37.50052033495723, 54.82598990964662, 36.91734301884459]","[440.73795142293125, 601.4753605966804, 329.98586326528084]","[0, 0, 0]","[1303, 1658, 993]"
fc8130e0-0f1a-b6eb-e040-11ac0c48328f_p0_4400,0.01348962213035261,0.04740000489876209,0.04929652795112747,0.017482176106098816,0.016672771097850023,0.06917399680156809,0.014559727853433152,0.04239449900388233,0.009923126449597433,0.00044783545530445446,0.06543141491354564,"[0.003980982776140247, 0.0177184245955824, 0.08679392397459962]","[0.0008434859588003622, 0.0039183872121156095, 0.057290317880121774]","[0.010748976719290891, 0.02138217188441709, 0.039167222746324754]","[0.008342303319970667, 0.016301267336923234, 0.02923189440200598]","[0.9085891092057967, 0.9096201740723241, 0.8655266683241208]","[0.0015864522164913408, 0.0035867878243884266, 0.05340957419452319]","[0.8807403427020087, 0.8790881065566345, 0.8827101956792792]","[0.006976219784654847, 0.014576691225748784, 0.02662308982116629]","[0.0898780648887069, 0, 0.1028716200215818]",0.09566768973253538,"[37.78293463762423, 53.416928968228156, 36.07737926672057]","[439.9351141472203, 557.7309098887166, 348.7358089739519]","[0, 0, 0]","[1197, 1570, 962]"
fc8130e0-0f1a-b6eb-e040-11ac0c48328f_p0_4900,0.008051057446035743,0.03680587270727902,0.04430550068326344,0.01666425659741165,0.014884611222447153,0.03132598799257,0.012770750616154486,0.021453182723036403,0.0078781264898804,0.0019617093709082614,0.03209947141866543,"[0.0006627804187707654, 0.00433757737359679, 0.05168289768305083]","[0.0005381932037981172, 0.004039592085206616, 0.03426399528860682]","[0.001892023855205977, 0.007782914139372243, 0.019853901281959498]","[0.0016909055989212172, 0.008955349564112716, 0.020340135778283287]","[0.9041534273735536, 0.9162179920077104, 0.9065136159016138]","[0.002042693639245974, 0.004296151025667327, 0.032044649230254685]","[0.8709472626555246, 0.8724807896118816, 0.8905370370995302]","[0.0015310482078644272, 0.007862573404508022, 0.01798971791404841]","[0.09946207294255405, 0, 0.11054871548269248]",0.10466797465705385,"[35.658755725365076, 50.77258368570895, 34.967965216103224]","[376.46335273756756, 600.7706725454364, 325.83529774450255]","[0, 0, 0]","[1037, 1447, 918]"
fc8130e0-a38a-23b9-e040-11ac0c48327f_p0_1840,0.05057968983148613,0.6670419390302633,0.737123466598105,0.16237887423502162,0.16854832464814767,1.2827184183562421,0.004895522118708806,0.0035719972721752757,0.0012307609644695017,0.0015932207114639496,1.2785407981409092,"[0.9312101135693487, 0.9368260028987409, 0.9046743407992832]","[0.02620530031159457, 0.006035479087071138, 0.012209405716268384]","[0.9394320983633504, 0.9078719980897099, 0.8472487953750546]","[0.012152358844439326, 0.016354119861396732, 0.028834403914240636]","[0.04441074368622447, 0.029027487743250112, 0.07376137247278838]","[0.01984794075425663, 0.004223711291547225, 0.00843019652462023]","[0.031681645734166645, 0.05453096689930852, 0.11665091294972202]","[0.010721361034231047, 0.013146351500239475, 0.0214720949868928]","[0.11592531553808703, 0, 0.04550787971014514]",0.07911098833813694,"[47.599099693582026, 146.78145339717273, 46.68809415711385]","[598.7589653614651, 1798.3719938187915, 657.9196666795772]","[0, 0, 0]","[1172, 3459, 1284]"
fc8130e0-a38a-23b9-e040-11ac0c48327f_p0_2340,0.38684951276410684,0.1346080757030591,0.13576263340949657,0.04801811671823286,0.048372600792354115,1.0790688785523588,0.023046318038510538,0.017379552677276644,0.007409265554350286,0.007777582131738292,1.0491399541605142,"[0.7736685949096295, 0.6727241637930104, 0.5911773884102266]","[0.030538942833086447, 0.028786580853690236, 0.04098792759088671]","[0.6809827330632945, 0.5665669298106535, 0.5209244306155091]","[0.04985375632806999, 0.03702093590334293, 0.06265119243930695]","[0.2033103296519333, 0.286514941652524, 0.376894485289873]","[0.026090692594470527, 0.026877322363135198, 0.04002011700899502]","[0.28620805685466516, 0.38741281866225236, 0.43973078116877873]","[0.043765815201266, 0.03413035033029943, 0.05856029512020661]","[0.058109410213374416, 0, 0.05937085475056331]",0.05877183344038232,"[49.39146273633351, 149.62860858807838, 46.567741937748025]","[608.0666992406489, 1843.2922539937122, 678.6503068339058]","[0, 0, 0]","[1181, 3486, 1306]"
fc8130e0-a38a-23b9-e040-11ac0c48327f_p0_2840,0.32437977217348346,0.09579679459914281,0.11563761082995541,0.03514116990557464,0.028328699970598448,0.7467230457464399,0.023627353886113145,0.028536212098994262,0.013087646611469106,0.010607801021506935,0.7362882509522085,"[0.5204429691159319, 0.35912810998129985, 0.34181202154421825]","[0.04739764458043358, 0.02490142665388856, 0.038851070579705715]","[0.33842191900679963, 0.2531569451837082, 0.28252605008071785]","[0.05135855126888145, 0.03689552933651358, 0.048500454288870815]","[0.4540864648552199, 0.600895615169136, 0.6271627874223724]","[0.04461573182212983, 0.02473257946858004, 0.03802821214740221]","[0.6257188728360604, 0.7037199221357483, 0.6765128697206195]","[0.04842533879341321, 0.03523575018928177, 0.046198543913927304]","[0.058340591976464434, 0, 0.0639195515708124]",0.06129690668973734,"[47.91165400107266, 156.71850270229413, 47.14405230539528]","[600.7470831745017, 1903.0703916084576, 690.3422590716706]","[0, 0, 0]","[1179, 3477, 1329]"
fc8130e0-a38a-23b9-e040-11ac0c48327f_p0_3340,0.2799142148481094,0.06162373392098419,0.0652719805674947,0.026602997717732446,0.02394652588511359,0.5178855352026785,0.03226481771264056,0.03203965146090715,0.0107373539085176,0.010455717381656404,0.491852016108707,"[0.33287182234010787, 0.22239719028107185, 0.18738564282759873]","[0.04033107487574383, 0.02578611116841878, 0.021963562480416074]","[0.14843599632878085, 0.11445654302594348, 0.14947897609113736]","[0.028836810891582874, 0.021727569408654966, 0.02844190174575014]","[0.6377371923987661, 0.7327126170898681, 0.77539232137187]","[0.03829579303653746, 0.025612838986024122, 0.022076461264392222]","[0.809094378280916, 0.8326929785189081, 0.8024789918970042]","[0.027755743512017483, 0.020913982350990956, 0.027168378648100677]","[0.061817259026250626, 0, 0.0656191304364611]",0.0638324336559415,"[48.770051604652984, 151.07264852247204, 47.94430130292513]","[626.8756124192444, 1837.754235566232, 712.1598055559567]","[0, 0, 0]","[1173, 3529, 1323]"
fc8130e0-a38a-23b9-e040-11ac0c48327f_p0_3840,0.16691401907023465,0.04299175059522531,0.0536689940639907,0.01706809468328338,0.012652215785693338,0.2782713332969926,0.028800562338037516,0.03678143256285876,0.014499272890754589,0.012325678222807557,0.2769048194408043,"[0.2148164374131871, 0.09128877966061849, 0.10230808389112105]","[0.041717521730714954, 0.014458758956399018, 0.023118312851627083]","[0.061261500089388514, 0.04146037318595507, 0.0675195104961549]","[0.035395209998456086, 0.016532519969673955, 0.03788354500248808]","[0.742160614164815, 0.8540361325167942, 0.8625699803464251]","[0.03881553519896025, 0.013306885776839139, 0.021879701017923137]","[0.8796346979687302, 0.8936174189765677, 0.8743601694794819]","[0.032942058823549614, 0.015344790480837034, 0.0355362756407564]","[0.06641637141049066, 0, 0.06635274944783368]",0.06638266356162122,"[46.19543669495729, 155.10963898471596, 44.80562508964685]","[591.9485609923147, 1877.359042264278, 672.3226823901416]","[0, 0, 0]","[1167, 3510, 1315]"
fc8130e0-a38a-23b9-e040-11ac0c48327f_p0_4340,0.111669841420248,0.058788746610345166,0.04481122380142466,0.015232093459950524,0.019826682679715824,0.18004189510525337,0.028009968657706358,0.030600695925432436,0.011495482394858203,0.012595032002657824,0.1736747623835957,"[0.1546733953609126, 0.05193023071297605, 0.06588594825769695]","[0.031644129766425014, 0.012371851528232954, 0.01195362610255447]","[0.03956213180914057, 0.019335593910400028, 0.04673012729921521]","[0.030739153535695, 0.012866488897131068, 0.029221503025470667]","[0.7880491988141075, 0.8854464651666941, 0.8905683385954696]","[0.029202357812231572, 0.011317058176196104, 0.011225499912504489]","[0.8868532587990176, 0.904517660416535, 0.8853057172084156]","[0.028185436842963207, 0.011768880048962038, 0.02677839619929534]","[0.07455026384432616, 0, 0.07163204468618453]",0.07298932806310346,"[45.51274979619776, 154.09841045130642, 44.74459253129004]","[546.9971770251552, 1872.2296090996833, 633.7230841076358]","[0, 0, 0]","[1133, 3513, 1303]"
fc8130e0-a38a-23b9-e040-11ac0c48327f_p0_4840,0.06630092774065406,0.02765970350108407,0.027004332150416505,0.011632035296328655,0.011731044464341915,0.14561005696519774,0.016728083240638014,0.0316521952950226,0.0072863921677652765,0.00505226453534513,0.12397513077751912,"[0.13886272136243455, 0.03996437761034893, 0.043187651211963975]","[0.025919596185649325, 0.010174615605769271, 0.006138881986627084]","[0.049374507127608845, 0.021414845933057102, 0.0497396633612506]","[0.0215886055226651, 0.0075607479028909795, 0.018512024851785658]","[0.7930604191430922, 0.8874548473985151, 0.9034371572064954]","[0.023291904065699087, 0.009117716130665754, 0.005750153980771389]","[0.8598979660336468, 0.892138722126436, 0.8760340235524072]","[0.019110261833481912, 0.006747931421795139, 0.016857479387990038]","[0.07849576931088996, 0, 0.07584795806984945]",0.07706130673758602,"[45.02930637890937, 150.9361755747245, 46.29311501239127]","[531.6081704398313, 1787.4240513074433, 632.579231084828]","[0, 0, 0]","[1092, 3438, 1291]"
fc8130e0-a38a-23b9-e040-11ac0c48327f_p0_5340,0.04242854057970184,0.0347959531745487,0.024634306093448962,0.00831048405779053,0.011307500861003374,0.09657817292987686,0.01578545955772069,0.028726733592859904,0.007867713551759525,0.0038441299215766223,0.08419227464968293,"[0.09410161931082342, 0.023646119958672395, 0.031022459411049676]","[0.022759658736149303, 0.007555060670786858, 0.007896630639167412]","[0.027641006308962504, 0.014206190829561524, 0.036067118317348906]","[0.01632661724389791, 0.009296787875886597, 0.02287867731485568]","[0.8302037919257059, 0.885540632520167, 0.9030480735479778]","[0.01959810525780542, 0.006608237613647927, 0.007416248953945159]","[0.8626280201486175, 0.8841280461707924, 0.8766539970792246]","[0.014205241788345924, 0.00818011104301275, 0.020483735811666626]","[0.08088766755510274, 0, 0.07499338341487723]",0.07762329838716535,"[41.47134646360066, 154.26637083612337, 45.026067483367214]","[496.74790015739563, 1744.2874733717692, 622.7566535704865]","[0, 0, 0]","[1028, 3351, 1276]"
fc8130e0-a38a-23b9-e040-11ac0c48327f_p0_5840,0.03235746542971667,0.021415924646941815,0.026007875731663955,0.007805220966018517,0.006296053251426827,0.07597549888830513,0.01210616047129999,0.028338030829738313,0.0063199803534917665,0.0031638528848685066,0.06278712078550354,"[0.05870383678270315, 0.019792520469197553, 0.026286888317434733]","[0.012946566657828805, 0.007210914096329635, 0.009841713654051593]","[0.014781088918245127, 0.011445890505454224, 0.029554657584074998]","[0.0057254214754269344, 0.004462988669401934, 0.011738401344477609]","[0.8583884263553717, 0.8699154012456858, 0.8915990486622591]","[0.010524376093711929, 0.006236494588610808, 0.008962140157444176]","[0.8588562911494219, 0.8701799798448298, 0.8745314587818356]","[0.004802868315801179, 0.003815943447585679, 0.01047976701121317]","[0.0876586883788685, 0, 0.07717082006641866]",0.08165804681223245,"[39.77772118695655, 152.69663702288435, 46.29602722217559]","[456.9339882063128, 1678.4104363246015, 616.3675397828999]","[0, 0, 0]","[931, 3229, 1245]"
fc8130e3-01ba-c740-e040-11ac0c483291_p0_4000,0.20405164888491928,0.4622195302238676,0.2652040394874413,0.08317051668702197,0.10252740244127455,0.9982808278451946,0.0502612253265563,0.027619888105873125,0.004551203656079639,0.01113884961054068,0.9660369002959471,"[0.8980966973314046, 0.6660966238416846, 0.804075141272278]","[0.040040239896412366, 0.15316732378048847, 0.07733550503201553]","[0.8401464596879576, 0.6372687420025596, 0.7861638252992149]","[0.03855853949527466, 0.06876340304699957, 0.049815451295030344]","[0.08217802248869777, 0.30537193287381276, 0.1633778706553703]","[0.029406250509177348, 0.13543669426077523, 0.06156886280587553]","[0.13236893257753243, 0.3285345902718585, 0.18128544318999162]","[0.030416897575760236, 0.06056285303419168, 0.04105159284943195]","[0.041444677784880694, 0, 0.04651026357131721]",0.045231055331863015,"[39.121873361745415, 43.50167391401839, 92.7254112842991]","[591.9865603722469, 754.2608608542894, 1822.2845209584325]","[0, 0, 0]","[1298, 1601, 3842]"
fc8130e3-01ba-c740-e040-11ac0c483291_p0_4500,0.08972167075895994,0.2387922149354874,0.26886567671776396,0.10300299267588538,0.11055192121296972,0.9363124705607673,0.03853554620305055,0.03217633953162968,0.011837498194498974,0.013429711102990183,0.9036163543347802,"[0.821014998157296, 0.5458101661586637, 0.7437580579819972]","[0.04571605329715395, 0.08583360082999977, 0.06175493483937583]","[0.7733983139367939, 0.5370990568515924, 0.7434586965295884]","[0.0495231081132434, 0.08016403426525057, 0.051716720590459564]","[0.1490006209621015, 0.4205613102564855, 0.22035534282794192]","[0.03735543953017628, 0.07863110494331402, 0.051758768551994516]","[0.1992789587911378, 0.4251536242890406, 0.22301843826724757]","[0.04218775692954836, 0.07265904193966483, 0.04392697932883839]","[0.0509841070965335, 0, 0.051310100233337]",0.05122774474084884,"[39.90567351729353, 44.864508520574745, 93.51894244962523]","[590.2550186457191, 757.3034343320488, 1818.463473955152]","[0, 0, 0]","[1297, 1599, 3837]"
fc8130e3-01ba-c740-e040-11ac0c483291_p0_5000,0.10938517340754766,0.22073108076538916,0.26239412151878,0.07877609536168964,0.07699466699936174,0.8857283861582025,0.03555974235515025,0.03754392628472181,0.011151665262695398,0.010493243377940997,0.8535803990088027,"[0.7840464794423885, 0.45870530515746544, 0.6977895036084343]","[0.05449361492467014, 0.08796701405260243, 0.06554042458546155]","[0.6964564943232532, 0.43565093688766365, 0.6919886970198865]","[0.051860336219331726, 0.08201733716129816, 0.04890299172363205]","[0.19895557430055594, 0.5001756097684925, 0.2637699321144998]","[0.04901032026751426, 0.08092575037727956, 0.05644001246409101]","[0.2728889681464791, 0.5195996850618151, 0.2707942597295106]","[0.04570339898268616, 0.0747296526791863, 0.042139674598155694]","[0.0487076963240495, 0, 0.050770498769518745]",0.05025177292969211,"[38.00276167590761, 44.68630977437124, 92.51178908743212]","[573.817663360969, 779.1186501368207, 1791.580802026972]","[0, 0, 0]","[1286, 1592, 3828]"
fc8130e3-01ba-c740-e040-11ac0c483291_p0_5500,0.08343882212580439,0.19619170356893578,0.1820376005835383,0.07498431012941165,0.0682602826806349,0.8255330898634808,0.04054923586630099,0.0380303169154842,0.00963678293378889,0.011791729227187409,0.8010560737201211,"[0.7147560744672634, 0.3744654785792054, 0.6441854809237509]","[0.04927264494879052, 0.06462540435383168, 0.056038275847580366]","[0.6252629542709999, 0.3721306154238633, 0.6417667379793427]","[0.05834229519091255, 0.06604835875636753, 0.05262798298036747]","[0.26490615818775604, 0.5764983324102146, 0.3132812555255337]","[0.044676621765924726, 0.05937497751439669, 0.04875849812452407]","[0.3392660437888973, 0.5774229066881544, 0.31759683004387895]","[0.05193197747135275, 0.059841715432892906, 0.04576852519869801]","[0.05235078156173779, 0, 0.051699966749370906]",0.051863150027142604,"[38.07933904695323, 46.638022258736655, 93.38380879113443]","[571.6015694611892, 775.2254104970681, 1792.2124780230663]","[0, 0, 0]","[1276, 1592, 3813]"
fc8130e3-01ba-c740-e040-11ac0c483291_p0_6000,0.11846444817565721,0.1727802990639975,0.20476728636463337,0.053429434027325806,0.058556749882683445,0.7654706967030164,0.04338144171322966,0.049085815328683835,0.0171170925876567,0.015514936799208123,0.7488590750868535,"[0.674313891777712, 0.2896255445781024, 0.6040232862952531]","[0.05773094510238175, 0.057812901740618775, 0.06427201786208525]","[0.5564370371118756, 0.28390792033362894, 0.5828012643312588]","[0.07363116056482727, 0.06095621470544896, 0.06735122672779612]","[0.3075801870469572, 0.6501254318669788, 0.3503675037022511]","[0.05367969339742748, 0.05166701724319106, 0.05602730364079431]","[0.4004061513688615, 0.6563381212881554, 0.37284088386377584]","[0.06522935903417287, 0.05509306708214434, 0.05883170065039903]","[0.052082270933152416, 0, 0.050444768325085085]",0.05085430610607301,"[36.796224626929344, 47.099540511151105, 91.30564576742974]","[547.275517719481, 808.2378047146819, 1714.8680749620298]","[0, 0, 0]","[1263, 1581, 3787]"
fc8130e3-01ba-c740-e040-11ac0c483291_p0_6500,0.13751066660556324,0.1498599500663926,0.16524625832946122,0.06770175123890465,0.06029948325574434,0.7122778472003481,0.03308635790662873,0.04702131142812216,0.014059315580741916,0.011704508780046918,0.6950242439984363,"[0.6450219714273593, 0.2112230012742736, 0.5860612530488872]","[0.054613504804400026, 0.031226283575728306, 0.06349646975432105]","[0.5154731455607106, 0.2498407987295025, 0.5480546769921049]","[0.07407195206970396, 0.04171923419929027, 0.06876004845619807]","[0.3434074924657468, 0.725213132865979, 0.36868534387212143]","[0.052096396803935435, 0.028346735063973727, 0.05583775149575676]","[0.44209964474554814, 0.6895075335432154, 0.40672668219295594]","[0.06613686021092965, 0.037518553103321806, 0.06049062708445238]","[0.050987020925338404, 0, 0.04685951075308054]",0.047881694463539765,"[35.71454327646316, 51.30337700874722, 89.30257992371664]","[549.1403872378328, 782.7341243600574, 1743.0495305303762]","[0, 0, 0]","[1239, 1553, 3764]"
fc8130e3-01ba-c740-e040-11ac0c483291_p0_7000,0.09028203592081904,0.15248695818777408,0.1539391252083559,0.05736123789145248,0.049553889016059165,0.646943858729891,0.0362392646687425,0.03573219798487537,0.012013166058100877,0.011750645585732022,0.6368751527939761,"[0.5265250459257981, 0.15877139066959745, 0.5556009804495217]","[0.05114256715388735, 0.02721346030882521, 0.055032142548965574]","[0.44782539669794325, 0.21328191274387798, 0.5127746416122203]","[0.06404450984444868, 0.051016872458678766, 0.05964711761293018]","[0.45913157776816577, 0.7727139521155726, 0.40553000789998395]","[0.04902297796229155, 0.024300037126730123, 0.049418721621156625]","[0.5102061830735497, 0.7229004178013844, 0.4425241230043119]","[0.05807784358585874, 0.04577386801365402, 0.052857289469620844]","[0.05900599956898851, 0, 0.04632051525174781]",0.049441241836361095,"[35.195646357403646, 49.33746202323746, 86.99554146425722]","[541.1623893440119, 762.0417729141409, 1733.3919734735684]","[0, 0, 0]","[1217, 1529, 3730]"
fc8130e3-01ba-c740-e040-11ac0c483291_p0_7500,0.11151550481775589,0.15455927559334398,0.16205492541018626,0.05047207966018817,0.04815255801783773,0.6003488591629382,0.04473138931071152,0.05884550677939249,0.014186939307064605,0.013374545542843563,0.5823466250493847,"[0.44222568421814756, 0.12991127283430015, 0.5296402661573173]","[0.07938185187451663, 0.02558949892125765, 0.07987612327085075]","[0.35480685185688393, 0.17256091693140102, 0.4715507110367141]","[0.05498667504732088, 0.03422506396288447, 0.05473269095142985]","[0.5409634249864304, 0.8013663442135054, 0.4326169008414489]","[0.07628745223320826, 0.02276695012746366, 0.07189914914232426]","[0.6029559872356295, 0.7594446088102059, 0.4836991687280905]","[0.05041680130369408, 0.03099437098271207, 0.048912631873081924]","[0.05946688552859334, 0, 0.04525987947405798]",0.04872174992897946,"[34.13526377553531, 47.2866248292692, 84.88509371220049]","[518.4232371203254, 744.2551052558983, 1686.7039305528115]","[0, 0, 0]","[1194, 1505, 3706]"
fc8130e3-01ba-c740-e040-11ac0c483291_p0_8000,0.037455406896891114,0.11698383547209129,0.13601944060335497,0.049263327780414104,0.04449012778327102,0.5142165000878132,0.04234968868034428,0.058188160318093984,0.01586271429989572,0.018006734298173677,0.512679339026051,"[0.26600196921648495, 0.10922746582097284, 0.4568454077584525]","[0.04703556642166874, 0.025378956681019783, 0.06282294431610602]","[0.229229990679436, 0.1421900479076278, 0.42794499990068025]","[0.036009093257289695, 0.03348674317465925, 0.049943279666121776]","[0.7108661156249463, 0.8270772942300956, 0.4997068262346451]","[0.04495828422473647, 0.02208023049761998, 0.05676830566424135]","[0.7302788729200772, 0.7851977949056596, 0.525403239186278]","[0.03361415954652058, 0.030129236151205996, 0.04477420051774336]","[0.06687360040687827, 0, 0.04823911417901927]",0.052704627273837214,"[35.140756356319464, 43.95421294048201, 86.67393330357321]","[514.9992208993621, 713.9465234035586, 1717.752549579873]","[0, 0, 0]","[1162, 1480, 3687]"
fc813235-5ed8-7695-e040-11ac0d485e3e_p0_0500,1.135448474785921,0.007816229346041759,0.010983443665630421,0.0038008950572523403,0.003241870629779875,1.2054545454545451,4.440892098500626e-16,-4.440892098500626e-16,4.440892098500626e-16,-4.440892098500626e-16,1.2054545454545451,"[0.9977619477263129, 0.9887565444597732, 0.9994878346873765]","[1.0750406581161442e-05, 9.05960943309303e-05, 3.748294853167522e-06]","[0.9973049577863782, 0.9932196793145558, 0.9994353771795366]","[1.4253852421708402e-05, 3.026673143718961e-05, 4.67063149939273e-06]","[1.3998273183171067e-14, 1.4364406878561061e-05, 1.3009232933315428e-18]","[1.7206901674028553e-15, 4.1278425859398384e-06, 1.3501532599994788e-19]","[1.6827895900102992e-13, 0.00012449840532049184, 2.143343279983273e-17]","[1.2492596275843345e-14, 7.683167904796513e-06, 7.381633351541323e-19]","[0.007883770006524344, 0, 0.0049326383743967936]",0.006231472923517569,"[53.21075183949898, 78.54927170696521, 57.364273757652356]","[565.1013414908626, 1168.7673593025036, 709.7821284339603]","[0, 0, 0]","[1389, 2881, 1767]"
fc813235-5ed8-7695-e040-11ac0d485e3e_p0_1000,-0.7540358401893953,1.7688573282845548,4.004744401253303,1.2558570889290417,0.9206768912786117,1.2028837101410905,0.0011397948015712256,0.0018077061919958837,0.0011043200997635783,0.0003840301716535599,1.2004690115190668,"[0.9885724787966517, 0.9707891920534688, 0.989950084297133]","[0.003628625520962936, 0.003238920049611349, 0.0062695773661509135]","[0.9867233063300581, 0.9618469161610514, 0.9911031298781972]","[0.0028259303958768633, 0.009966343102249198, 0.0027203837600418]","[0.003245841292567469, 0.005638048667688305, 0.0066349255872539745]","[0.0036149385418450964, 0.003239109801872167, 0.00629956673898475]","[0.0029293048777989748, 0.02031260274558991, 0.005613017253231054]","[0.002523746432783643, 0.009571794894486181, 0.0027215678954311162]","[0.13705214274650304, 0, 0.10730767354065945]",0.12039863289646323,"[53.222144069712705, 77.99645963971278, 57.122067788807165]","[563.3355724949267, 1167.874600840915, 706.6583922990468]","[0, 0, 0]","[1389, 2881, 1767]"
fc813235-5ed8-7695-e040-11ac0d485e3e_p0_1500,-0.11188706598613057,0.32012974803470307,0.38819892154609575,0.10644480723549472,0.09344799255758088,1.088157843347524,0.03285067883062487,0.023766285541770404,0.005221695909603641,0.00951056177079801,1.0699620137196395,"[0.7644926755082097, 0.7741815410041208, 0.7994611499006712]","[0.03483809291569101, 0.06839244269338757, 0.029614245815066664]","[0.7511111890201881, 0.6391690842386631, 0.7908398639447429]","[0.04565942886002694, 0.05411780868393684, 0.04002623917487075]","[0.1819029585796937, 0.16220914371078451, 0.16246655953377467]","[0.028635054690075046, 0.05912399202395913, 0.025962410871793656]","[0.19198411317754974, 0.2886953587028029, 0.1752572940306003]","[0.03793171486416211, 0.0484038997257001, 0.03637049983890836]","[0.09526731790230357, 0, 0.08148133676271833]",0.08755190561323888,"[54.24664700027689, 70.6177732461264, 58.99694541963757]","[546.8686350216785, 1193.5445408920941, 680.7377219604978]","[0, 0, 0]","[1384, 2865, 1759]"
fc813235-5ed8-7695-e040-11ac0d485e3e_p0_2000,0.16038505204858347,0.14873977150973236,0.1596086985456798,0.04745106507069169,0.04926730660718155,0.7786716601833412,0.04116763095411735,0.035413385552948706,0.00961644581783061,0.015928323699444746,0.7142158162719499,"[0.44176473767064034, 0.42258129823698115, 0.5291291188526369]","[0.035960058687941415, 0.05872288383289237, 0.03596605578810455]","[0.37519204299586156, 0.31220939591557145, 0.42003012067760026]","[0.05511537761244398, 0.04631406279451397, 0.05681545712832267]","[0.5015969120580813, 0.508521893814227, 0.43084982456127774]","[0.032215756004981666, 0.054106262588489606, 0.03361918952521678]","[0.5639561029722733, 0.6185711877264936, 0.5411238513649699]","[0.049574264177652094, 0.04264980124441892, 0.05362681671896133]","[0.08465685615341226, 0, 0.06651325882885817]",0.07449390811220695,"[57.5913030172977, 65.97782904735526, 63.209483937016806]","[610.418067557049, 1058.6543367789582, 762.9308260129677]","[0, 0, 0]","[1386, 2829, 1765]"
fc813235-5ed8-7695-e040-11ac0d485e3e_p0_2500,0.0962327149256851,0.07537637997507,0.08076732983441026,0.026827279966348913,0.03504553390318765,0.42335042995434385,0.03682122692952994,0.042959745114044545,0.013262185081368505,0.011488217929112199,0.3721442253291498,"[0.234134076749919, 0.17414074054763418, 0.227250803805857]","[0.026577233929391153, 0.03111268116210042, 0.02632235163547722]","[0.1771878446094903, 0.1037639026397478, 0.18040276997045057]","[0.03718687473210584, 0.027387592002362453, 0.03439848289125945]","[0.70125810685319, 0.747909079359973, 0.7230221359376854]","[0.023790423422166695, 0.027681503336399405, 0.02427433843273069]","[0.7523668964504698, 0.8149216720482133, 0.7713250935529036]","[0.03324758963734814, 0.024650761832732238, 0.032277914113788775]","[0.09230250789494644, 0, 0.08017152296171162]",0.08550576950913025,"[59.297438081939674, 66.94243571285237, 64.35148892155574]","[603.700221370971, 1077.6176887185188, 758.4880334916083]","[0, 0, 0]","[1386, 2874, 1766]"
fc813235-5ed8-7695-e040-11ac0d485e3e_p0_3000,-0.012631189567882456,0.06356995802670534,0.08267104083097923,0.02162923666151528,0.02007225478032764,0.17981302907440075,0.024153958402911263,0.051657596128623584,0.012697221553222865,0.007901996532198557,0.15497486562194007,"[0.07716124252255063, 0.06780478248902436, 0.08628672670813979]","[0.015224023912419928, 0.024027607244081428, 0.01933422347769922]","[0.06374843778205438, 0.05426848092759345, 0.0843006513589724]","[0.017123109342538943, 0.017060680084000877, 0.02266417031793289]","[0.8384917648437639, 0.8454024402420706, 0.8569702540254078]","[0.013941924848648535, 0.021092381182613473, 0.01783929735269285]","[0.8549071687173034, 0.8466361979596941, 0.8571998888911316]","[0.015134301078644663, 0.014826335067324281, 0.02082643733871392]","[0.09696337751778307, 0, 0.08432300678591345]",0.0898690046348629,"[60.0356010228815, 63.59293462590144, 64.85527674337781]","[609.772944199109, 1057.8207261878563, 771.9675110505846]","[0, 0, 0]","[1379, 2864, 1764]"
fc813235-5ed8-7695-e040-11ac0d485e3e_p0_3500,0.03496220024489176,0.04379520464039835,0.03992020299299537,0.011480480487928872,0.013945417984423385,0.09526796884171086,0.01114946734501232,0.015846453424853676,0.004322932833630985,0.0038794295050152416,0.0673404070640553,"[0.03537705680645076, 0.03472223085464813, 0.046117413973270294]","[0.006750937268900418, 0.008873253004258022, 0.009707979028873666]","[0.012406548329821996, 0.017239916912861898, 0.034199141844572664]","[0.0058747143748937025, 0.009942254645483345, 0.017833157940047646]","[0.8616654892013186, 0.8617529304320308, 0.8920438125419016]","[0.005935692020474503, 0.007364195245359972, 0.008700556581054342]","[0.8862789340054562, 0.8624906616908237, 0.8953377611303678]","[0.0050823856818626445, 0.008564251311886428, 0.016082945788153724]","[0.09585444909009153, 0, 0.08370489142310072]",0.08901078520617305,"[58.026248331556545, 64.58750306742827, 62.89033410985752]","[593.0461505325968, 1011.9606794622355, 754.3430006224473]","[0, 0, 0]","[1356, 2825, 1749]"
fc813235-5ed8-7695-e040-11ac0d485e3e_p0_4000,-0.0015102099097444833,0.03630420615322084,0.03191931424053902,0.009497946512064084,0.008878733028350837,0.03105642062782239,0.015942474126735984,0.016372799035569152,0.009018710400686799,0.0155625584614777,0.026545237022491733,"[0.006521159996487303, 0.014446501400888254, 0.00880402007400052]","[0.006614309315242494, 0.0093533293010671, 0.0015787150215521347]","[0.0016865172153445454, 0.008890992883090799, 0.01852530838031497]","[0.0008856036790135466, 0.0070011991831353745, 0.01168098782370074]","[0.8700503669553832, 0.8679955147375942, 0.9169833364505113]","[0.005669233270480856, 0.007903310723977597, 0.0015877770298051708]","[0.880465074036566, 0.8550440484583924, 0.8984120053223182]","[0.0009484317587480362, 0.006158453165364286, 0.010619823561975827]","[0.09588445740557582, 0, 0.08515228844603588]",0.08972636377373366,"[55.567050442744524, 62.9363068805167, 63.626988609150864]","[575.4918964361791, 998.3156827719606, 766.332196459409]","[0, 0, 0]","[1285, 2726, 1730]"
fc9f6916-da31-ab17-e040-11ac0c4808f3_p0_0800,1.1443378589712492,0.09942051359631265,0.015840034158308258,0.0014358099344105035,0.008861239569420531,1.2476190476190476,0.0,2.220446049250313e-16,0.0,2.220446049250313e-16,1.2476190476190474,"[0.9999897157391738, 0.9996207392052284, 0.9988639287252421]","[1.4212509549249575e-06, 2.3967899011156923e-05, 9.49416291106675e-05]","[0.9998568938995744, 0.9990779015145677, 0.997545643708624]","[5.17339150137297e-05, 3.366294826945282e-05, 0.00033646887236049583]","[1.3313666847077807e-10, 1.0102478355226949e-09, 1.2720618986095185e-14]","[1.928723032329634e-11, 2.010560858998287e-10, 2.3988651370087297e-15]","[4.785377340931567e-06, 9.969009260094201e-09, 3.4053244191377054e-05]","[5.040809769468486e-05, 5.061336465839196e-10, 0.0003102823038310365]","[0.004360603365818394, 0, 0.006206654262213693]",0.004951714961614601,"[56.388135073629485, 79.14611614700816, 22.813577564404124]","[883.3030142271491, 1258.8865171784312, 416.2238223958768]","[0, 0, 0]","[1605, 2246, 756]"
fc9f6916-da31-ab17-e040-11ac0c4808f3_p0_1300,-2.4836205903385773,2.829795834943252,0.5399618865941775,-0.34034182966185966,0.4643381632805639,1.2457038418353668,2.4300276226352224e-05,2.9989355710968724e-05,1.254096468383814e-05,9.294252062419517e-06,1.2458785826276937,"[0.9789581590520203, 0.9776335708481053, 0.9865092210799423]","[0.00018669987934938348, 0.00021362428108190334, 0.0004974697287289387]","[0.9838468171614001, 0.9688526841091083, 0.9715830917152891]","[0.0017104663891851501, 0.005449505396111387, 0.004599145120326609]","[0.00413859532213135, 0.0030171925927636113, 0.0013045736187125342]","[0.0001294354895974392, 4.584598019496109e-05, 0.0001384256116415168]","[0.0011909933091721254, 0.007674281989436779, 0.009871475910967294]","[0.0016209512120964242, 0.005089637878257311, 0.003970100324744395]","[0.2772031037784552, 0, 0.007611799942838129]",0.1912098008918703,"[56.90164822559326, 79.7060900498288, 22.939244745381398]","[888.4561191141183, 1265.1673170012573, 413.02799768064557]","[0, 0, 0]","[1597, 2238, 748]"
fc9f6916-da31-ab17-e040-11ac0c4808f3_p0_1800,0.09383750364674492,0.3355867463511162,0.3277437731657572,0.11458831571879052,0.07886487559005044,1.0833012621295504,0.04098653611491687,0.024230804767168435,0.0035742014955164603,0.009640324078666884,1.051491000385323,"[0.7327491777638361, 0.7359923864262247, 0.8503740818464486]","[0.05186427653899245, 0.06458784328857148, 0.03425677071715455]","[0.7561799880691487, 0.6438536160527302, 0.7514462194339232]","[0.041652670363348854, 0.042220273902465744, 0.044205133857610435]","[0.24471271540906486, 0.23772833835638033, 0.12953838340635734]","[0.04825541553325334, 0.056052428122908046, 0.0314596031645063]","[0.22018166928101657, 0.32133450028746596, 0.22222836059098408]","[0.037829735526649116, 0.037654587051641736, 0.041285473111750126]","[0.07242561216773505, 0, 0.03377283010868875]",0.0601397257527165,"[56.56347813388028, 77.35395182310853, 23.434625879782146]","[877.2848643423189, 1306.3679583385303, 408.5000674356095]","[0, 0, 0]","[1601, 2242, 746]"
fc9f6916-da31-ab17-e040-11ac0c4808f3_p0_2300,0.2590737108188381,0.09607614491069533,0.11879988428238103,0.04174776797994628,0.03573980108557348,0.6451689372688867,0.03478243668245529,0.037940151915647036,0.012671455308788993,0.01424407271546313,0.6215339883995799,"[0.35790937327016215, 0.29451693477471586, 0.535551977620435]","[0.04692638222504969, 0.026671759217708757, 0.0485576441601589]","[0.2738775606470533, 0.20406872503454856, 0.3406561898043858]","[0.05219508185393923, 0.028878919963583966, 0.06373224260583465]","[0.6164126370211693, 0.6716654842003744, 0.4466749971782854]","[0.044742759748746974, 0.025659346692808727, 0.046457554462353834]","[0.6958598359169997, 0.756217316366585, 0.6279456609765526]","[0.04969206119784586, 0.027741905252366972, 0.06160330876388104]","[0.056887615405972765, 0, 0.04106144888058275]",0.05183613950313181,"[51.870884416088074, 82.2728558317439, 21.551651772065807]","[812.766841668725, 1376.9401302618635, 375.9747364546671]","[0, 0, 0]","[1604, 2241, 752]"
fc9f6916-da31-ab17-e040-11ac0c4808f3_p0_2800,0.146757161358486,0.054830238619248295,0.06674676285424334,0.021842911114202695,0.018316205620904136,0.3300344359072811,0.031213554305909996,0.04586199161861515,0.014333269827875306,0.011410906184886827,0.31284386035583855,"[0.15710607804588975, 0.11491464953002488, 0.2963656556598351]","[0.032360489289969915, 0.018580714143246427, 0.05512318066776101]","[0.11066770349458661, 0.06678247357025496, 0.1441469919183006]","[0.03523997998860483, 0.016746314961276654, 0.04482581096603479]","[0.806373571414928, 0.8411798124618498, 0.6831906683982535]","[0.03056751922556794, 0.017261618236983134, 0.05294453191808368]","[0.8500684502813537, 0.882665291697924, 0.8190776087711485]","[0.03342418052139773, 0.01576760803588456, 0.04242409804524494]","[0.061045302219315756, 0, 0.04737375122572194]",0.05668785894518735,"[51.50625445460111, 83.79553841937508, 21.192408459143984]","[804.4283294028443, 1419.5712966107217, 375.39451360548907]","[0, 0, 0]","[1601, 2240, 749]"
fc9f6916-da31-ab17-e040-11ac0c4808f3_p0_3300,0.06900717267623632,0.03893886161290573,0.04849844921929207,0.01622799767258644,0.0136469751253726,0.16676304090474114,0.024362471417013976,0.039165217879395225,0.010555991944233012,0.006011349051341652,0.1479519859058054,"[0.03737956839491934, 0.06257029083121039, 0.2069550530733353]","[0.007580674334467498, 0.01811926163211898, 0.05398650875804985]","[0.050385240737946466, 0.03274146196771763, 0.07892125079915634]","[0.018613651227830957, 0.011521789833790038, 0.028864660932066168]","[0.9058908399082722, 0.8816984286010846, 0.767328358590412]","[0.007147605176828775, 0.01652271026111979, 0.05133749843392338]","[0.8921327590424718, 0.9000043139801128, 0.8762856773779422]","[0.01729540424093967, 0.010336788067616731, 0.027172972395091755]","[0.06588050163556437, 0, 0.05106280743923222]",0.06113480059823823,"[50.7395714379108, 82.88396157172956, 21.492899026026556]","[788.6935835105661, 1434.4692285639699, 371.8959145282142]","[0, 0, 0]","[1596, 2233, 752]"
fc9f6916-da31-ab17-e040-11ac0c4808f3_p0_3800,0.0333179294214715,0.03126996305174854,0.03193790747140488,0.01405568400313214,0.013257212449944503,0.06416463723128987,0.01587368996862401,0.02866305256565163,0.010892134009533871,0.003590376005030843,0.06477158921858718,"[0.004679042084170361, 0.022699922367998417, 0.08971804737412453]","[0.0026138253616451446, 0.011463040282257458, 0.029323003564401942]","[0.011183381791741625, 0.01001137055414911, 0.028109261753511187]","[0.009132863612552607, 0.006449385752118873, 0.021879234465436014]","[0.9055118836962558, 0.8987671105755757, 0.874121511428405]","[0.0024859964994203843, 0.010087351809233591, 0.027333706947225367]","[0.9042514822096215, 0.8990981682847763, 0.9122760963752448]","[0.008170849838391725, 0.005712729615584611, 0.020292651290571395]","[0.06645536611922281, 0, 0.05451740276713849]",0.06259081663977066,"[52.22654469711434, 82.53780866201015, 21.18123008980876]","[790.2376392027684, 1413.1863455070147, 373.9453451657405]","[0, 0, 0]","[1571, 2213, 752]"
fc9f6916-da31-ab17-e040-11ac0c4808f3_p0_4300,-0.015446186602827618,0.011617904927988275,0.009324312967900195,0.0035676300996035706,0.0038031355916455616,0.009150588416307242,0.00020455121585139825,0.00021175727887834915,5.843713686994566e-05,7.390896204344938e-05,0.00801511825458628,"[0.00036515880065815195, 0.001015776366216989, 0.022438036759761415]","[2.846860969575333e-05, 5.30810229488812e-05, 0.0010434864055596429]","[0.005624920185030092, 0.006455363464792174, 0.0276066979622063]","[0.002754391037535186, 0.002432640013487061, 0.011595046060150892]","[0.8842085812258312, 0.9014118808784114, 0.9260852749931777]","[0.0003782476626834619, 0.001067989425604765, 0.001022569380440097]","[0.8764335690307381, 0.877064005190541, 0.8993038139944215]","[0.0023494850304477954, 0.0018708435026418835, 0.010640617588571044]","[0.06450465754997677, 0, 0.05681904375343962]",0.06194505845410122,"[48.93512191446567, 81.52634712616589, 21.077203622961086]","[768.6010215044579, 1373.868231550922, 383.83719636332006]","[0, 0, 0]","[1504, 2166, 751]"
fc9f6916-da31-ab17-e040-11ac0c4808f3_p0_4800,-0.013956630384202235,0.011982065670036013,0.007051382954225376,0.0021958208413108086,0.003167002660372441,0.0020981818866222203,3.718925038364044e-05,3.750682737233913e-05,1.0658294094564001e-05,1.4640750403966188e-05,0.001801945425747405,"[3.567878646520504e-05, 4.749277102558816e-05, 0.005973458463004799]","[3.704707364148542e-06, 1.012264512111201e-05, 0.00020637095841966524]","[0.0018763526401975982, 0.003942808631784756, 0.019441787630019046]","[0.0014756450361048247, 0.001998221893171666, 0.011294942448920701]","[0.839537160043301, 0.8848351472406192, 0.926761190564571]","[0.0003277574928956528, 0.0009408225971788697, 0.00251386576898166]","[0.8508642696446499, 0.8570652320241712, 0.892005462730739]","[0.0012258780044410722, 0.001685490480645091, 0.010057121808508984]","[0.06750700335558987, 0, 0.05923912820375347]",0.06460249686016932,"[47.09033078451241, 80.90843490603729, 21.361646626394908]","[691.7917895566998, 1373.1467900055816, 376.72473977191135]","[0, 0, 0]","[1372, 2057, 743]"
fc9f6cb0-ceb9-790d-e040-11ac0c480ad1_p0_2600,-0.5583791169593276,0.7491292448631057,3.8893901904551185,0.42206882592207756,0.003731073134010443,1.0499517411574195,0.012468342126439547,0.012739158774229598,0.004924129509038533,0.004472318969962252,1.0359525383351917,"[0.8811706338413294, 0.7327355350004874, 0.8055767178991668]","[0.024288695709759944, 0.04213872911368849, 0.0397282840746912]","[0.8933552159343507, 0.8070081751907368, 0.8857847780915243]","[0.059867143276867374, 0.07340133997480602, 0.06803680842698145]","[0.0928216441559757, 0.222511084597248, 0.13614229700013922]","[0.01897134865181707, 0.036662825593873766, 0.03027328070845689]","[0.08196786330147068, 0.14582375104205036, 0.09000171209760956]","[0.04667599372072097, 0.06311358553225248, 0.05472807956196728]","[0.13393331011936774, 0, 0.18338459025307746]",0.149290321874685,"[120.59180862938406, 76.74350651427268, 52.622407474427334]","[1174.4074176438842, 728.248993078701, 524.6705511200372]","[0, 0, 0]","[2804, 1794, 1263]"
fc9f6cb0-ceb9-790d-e040-11ac0c480ad1_p0_3100,0.05007469133128458,0.34898146371154504,0.5086513366812812,0.1309832079021747,0.10790220715891483,1.0033062916792184,0.02028723100105112,0.015671258841639335,0.005237894601240578,0.007037151698709554,0.9800462652188107,"[0.8589892868394233, 0.6294400246807819, 0.7653678871587857]","[0.02525142498606986, 0.057764746406532286, 0.0386020258621258]","[0.8230824831762424, 0.6855123002535046, 0.8102964795385099]","[0.05104298820866471, 0.10824066488868267, 0.055390576929819135]","[0.11668366723602641, 0.32728298433236735, 0.17386252743989797]","[0.02038003381470617, 0.05161155229370956, 0.028527757937369932]","[0.14370538882516948, 0.2685761063592609, 0.15597145777553395]","[0.041779865604122036, 0.0977261255809535, 0.045989578882675235]","[0.0859094338839205, 0, 0.11541521201587779]",0.0951498087900296,"[120.35802831126166, 76.79063971460859, 53.32606510055137]","[1175.7119506111617, 729.5033502325247, 532.5600733887675]","[0, 0, 0]","[2748, 1788, 1253]"
fc9f6cb0-ceb9-790d-e040-11ac0c480ad1_p0_3600,0.05064808075891145,0.20419878053040877,0.20959745819054998,0.07489688435182112,0.0639424678752983,0.9584761677993154,0.017601017591893142,0.02455854090698295,0.00720997494765252,0.005688950682325888,0.9424675425252341,"[0.7961412647938034, 0.5546967927231953, 0.7131413908273047]","[0.029236219341870928, 0.050941203756615205, 0.03861965638513809]","[0.7616739299005687, 0.6052757778910393, 0.760743012582503]","[0.0509505269262413, 0.09862677220581895, 0.05055919634500278]","[0.16748835306974325, 0.3969104310440899, 0.22786748526447498]","[0.02434398348291386, 0.046214260586809025, 0.030510399009536407]","[0.1975866232649025, 0.34540696419164685, 0.2017264354567335]","[0.04217061923987464, 0.08984471659556995, 0.04288207422657905]","[0.08661983864291253, 0, 0.10893924720324144]",0.09363969839097427,"[119.77424877518595, 76.95328339398381, 51.86757649509219]","[1184.8563258856284, 725.9737503203611, 543.5742943274558]","[0, 0, 0]","[2696, 1785, 1237]"
fc9f6cb0-ceb9-790d-e040-11ac0c480ad1_p0_4100,0.09086276365062501,0.21444788784893903,0.2864164606765952,0.10453783274621606,0.08271555903872044,0.9292981379066368,0.025097338277554004,0.024295977294258808,0.010327096498003563,0.009735226279063869,0.8989385748948183,"[0.7862573673970817, 0.4977005426431363, 0.6784212568207368]","[0.028110003179659615, 0.061329093846377886, 0.033099068698432266]","[0.7291204730931821, 0.5354512560941641, 0.7370372951191954]","[0.06422570540941208, 0.10463805081969235, 0.0603548568015701]","[0.1809491028510071, 0.4423443092782434, 0.2598813365686773]","[0.023625239503651932, 0.05557728884666524, 0.026505337830996026]","[0.23047450817961612, 0.4112011565692281, 0.22297666619052353]","[0.05417877515391693, 0.09472546834762652, 0.051108083818018804]","[0.07945566002894602, 0, 0.11052088197716117]",0.0893036347908574,"[118.20299540031675, 75.13778089522499, 51.73243568919556]","[1188.2113336134444, 704.3128753052998, 554.7859239696998]","[0, 0, 0]","[2622, 1766, 1217]"
fc9f6cb0-ceb9-790d-e040-11ac0c480ad1_p0_4600,0.19824944305493708,0.19477804390667347,0.24794240644940996,0.07908658418288478,0.06496463845087327,0.9066713747319507,0.025742768046098763,0.026294736036543087,0.006690657061418803,0.007444058414994625,0.8573520393053156,"[0.7704625184028242, 0.452166422623722, 0.7023929571735179]","[0.03835002711777169, 0.056051741659264354, 0.04392892929948444]","[0.6882739248204447, 0.44598975174239075, 0.7141577992495469]","[0.0624730312408005, 0.10082580231682259, 0.058533989784012086]","[0.19738798271115512, 0.48678261713055987, 0.2596696850382036]","[0.03239356285049502, 0.05027109445753947, 0.0389065288200916]","[0.27280614456010144, 0.49207612866387174, 0.24666888044577376]","[0.053487307910055515, 0.09100478488337835, 0.0502642861992556]","[0.07410923201065919, 0, 0.09297424499612708]",0.08011173614239897,"[115.68938043197859, 71.41740084511771, 47.14848577736059]","[1148.9477756632195, 700.573984987354, 543.4412917034462]","[0, 0, 0]","[2565, 1739, 1197]"
fc9f6cb0-ceb9-790d-e040-11ac0c480ad1_p0_5100,0.2393690451376039,0.17724609294665014,0.1835474468035438,0.06030918153211792,0.04681917033540772,0.8515665019643583,0.030718582019422014,0.02122811054257312,0.008725505760319274,0.008937956331489971,0.795571323415945,"[0.7152306407269873, 0.38189940668533373, 0.6662271658632096]","[0.03142975049777569, 0.04918225576010224, 0.03440372779416451]","[0.5937363336599689, 0.3497232256322366, 0.6681931892677772]","[0.06653621248037811, 0.07483691053051714, 0.05773168378523197]","[0.2629159970385797, 0.5431536942567355, 0.29534964738693176]","[0.02844256611768195, 0.043087172414780994, 0.030161865963898082]","[0.36807419741732594, 0.5800978774675326, 0.29077340917677796]","[0.05890619508127942, 0.06699136248216825, 0.04945308381097396]","[0.07237983754431326, 0, 0.09095806064458037]",0.07840601749561023,"[111.24338505184042, 71.98342481736776, 49.1395289711662]","[1110.5277862859264, 689.5296125874133, 554.7904276690831]","[0, 0, 0]","[2512, 1708, 1206]"
fc9f6cb0-ceb9-790d-e040-11ac0c480ad1_p0_5600,0.1967030013221546,0.13540914679979346,0.11903292725204619,0.045833671057630226,0.04909739407868566,0.7429196778087982,0.0306157556241603,0.028569431244348742,0.01289354765282924,0.011661197877899432,0.6794140300101158,"[0.53400152912528, 0.33194880058977455, 0.5622958808374896]","[0.039957233332266334, 0.04148856088208425, 0.04215641844152507]","[0.42168180071211664, 0.23957703604499922, 0.5687781456434415]","[0.07209047415973471, 0.0629497563521589, 0.07179927827100765]","[0.43939137185680727, 0.5968996934269153, 0.3937209658993088]","[0.037080258735092686, 0.03583572616372965, 0.03788096511919714]","[0.537587884801902, 0.6830396679703621, 0.38590090180907116]","[0.06575815851712732, 0.05579160146865708, 0.06287963462728915]","[0.08360195307788112, 0, 0.09379626732973087]",0.08693298997157765,"[111.89429457253051, 68.60071806795763, 50.87014055273775]","[1107.46640389462, 711.8058053504323, 560.044483106182]","[0, 0, 0]","[2456, 1695, 1192]"
fc9f6cb0-ceb9-790d-e040-11ac0c480ad1_p0_6100,0.09832351559961404,0.11444037385042659,0.1586857965382579,0.04971979495792146,0.03752667113716892,0.5566157668418257,0.027122807864439324,0.03172297733706564,0.010977443046068958,0.011330201782516647,0.5281081641289361,"[0.29629284668170347, 0.23428393123825658, 0.4527030253931245]","[0.02748478952260297, 0.03527077668468942, 0.034978085977353884]","[0.23538918654672444, 0.16866615461506151, 0.4684052068874383]","[0.05269838433920768, 0.054612388385958735, 0.06900370695236185]","[0.6802846442806836, 0.6855464324195107, 0.49538525142686507]","[0.026210015543995324, 0.03104060299590633, 0.031661292785187256]","[0.7219873974299243, 0.7430322104387487, 0.48354648762334607]","[0.04905105281507016, 0.047953048753048844, 0.062164202810707364]","[0.0956504980145517, 0, 0.09500715666957424]",0.0954382747065252,"[108.7174603009588, 68.35942209162823, 50.038573735792454]","[1084.017533489542, 712.7714328661343, 545.8891868889491]","[0, 0, 0]","[2391, 1644, 1177]"
fc9f6cb0-ceb9-790d-e040-11ac0c480ad1_p0_6600,-0.016431206303743284,0.09743122684994156,0.09302898625814571,0.03831465923693921,0.03168052947261565,0.36664199971019057,0.036007291263601526,0.037543427319580325,0.01217509857554483,0.015123437514513116,0.3569432343920387,"[0.12272998363527182, 0.16619244685358558, 0.3323598877446318]","[0.019312454158342283, 0.02842097035785955, 0.04131621034539859]","[0.12191762343361422, 0.1341402008809609, 0.39945230568927703]","[0.03086731059109292, 0.03543625325605035, 0.06522704305901325]","[0.8498235183835996, 0.7454349343895224, 0.6242929503988117]","[0.018245983753344186, 0.025618609724152974, 0.03881698612225376]","[0.8361399018520267, 0.7769079034073272, 0.5514871285571004]","[0.02874229761603625, 0.0309007825960409, 0.059120640821863774]","[0.10507222037356424, 0, 0.09953481840275595]",0.1032189962149915,"[108.06201344598732, 65.7494527130191, 48.05981885331675]","[1054.8863140801213, 638.7876042127992, 550.8868566177766]","[0, 0, 0]","[2316, 1581, 1165]"
